"dist","estimator","col","nrmse"
"norm","missFor","X",0.125372367198291
"norm","miceRf","X",0.23907196709506
"norm","micePmm","X",0.204761014505884
"norm","missFor","X",0.0753809411919536
"norm","miceRf","X",0.215980305146233
"norm","micePmm","X",0.12302003435869
"norm","missFor","X",0.123547455927504
"norm","miceRf","X",0.2583688310639
"norm","micePmm","X",0.173218585314572
"norm","missFor","X",0.0781320828893917
"norm","miceRf","X",0.172701780485476
"norm","micePmm","X",0.18713609853005
"norm","missFor","X",0.129021086623581
"norm","miceRf","X",0.248315695438225
"norm","micePmm","X",0.197033331121784
"norm","missFor","X",0.0866692860929893
"norm","miceRf","X",0.238853132637994
"norm","micePmm","X",0.133692295991166
"norm","missFor","X",0.170123819116404
"norm","miceRf","X",0.247943734519946
"norm","micePmm","X",0.226329503790711
"norm","missFor","X",0.113701790526822
"norm","miceRf","X",0.180875872158294
"norm","micePmm","X",0.172060217420741
"norm","missFor","X",0.0962532058774759
"norm","miceRf","X",0.222803545517509
"norm","micePmm","X",0.149383824564962
"norm","missFor","X",0.171268685151674
"norm","miceRf","X",0.231825735864261
"norm","micePmm","X",0.194218677661616
"norm","missFor","X",0.120568715306933
"norm","miceRf","X",0.333109230597234
"norm","micePmm","X",0.169511429314663
"norm","missFor","X",0.186658874771303
"norm","miceRf","X",0.339515490643522
"norm","micePmm","X",0.260134769109287
"norm","missFor","X",0.0817571123746407
"norm","miceRf","X",0.247093748095987
"norm","micePmm","X",0.124165986935109
"norm","missFor","X",0.0991266747765521
"norm","miceRf","X",0.200839993307089
"norm","micePmm","X",0.168744074761911
"norm","missFor","X",0.100389257881644
"norm","miceRf","X",0.267503453347883
"norm","micePmm","X",0.152334194205006
"norm","missFor","X",0.137103883422836
"norm","miceRf","X",0.286175018714437
"norm","micePmm","X",0.206845494875144
"norm","missFor","X",0.153094812340403
"norm","miceRf","X",0.383744812051633
"norm","micePmm","X",0.206293831267231
"norm","missFor","X",0.111080532068794
"norm","miceRf","X",0.239053560469819
"norm","micePmm","X",0.203926919995032
"norm","missFor","X",0.0847528029356167
"norm","miceRf","X",0.230204266463228
"norm","micePmm","X",0.199751860832253
"norm","missFor","X",0.186360935027069
"norm","miceRf","X",0.36086248779975
"norm","micePmm","X",0.211718817452856
"norm","missFor","X",0.0814599793972432
"norm","miceRf","X",0.17144739788799
"norm","micePmm","X",0.0949602355368011
"norm","missFor","X",0.108497086724107
"norm","miceRf","X",0.292176296585645
"norm","micePmm","X",0.19648381074909
"norm","missFor","X",0.0798160037388866
"norm","miceRf","X",0.279294316601975
"norm","micePmm","X",0.136587891028532
"norm","missFor","X",0.102630946903028
"norm","miceRf","X",0.241737654765243
"norm","micePmm","X",0.133863859259147
"norm","missFor","X",0.12872436735147
"norm","miceRf","X",0.266668115940649
"norm","micePmm","X",0.186720047430984
"norm","missFor","X",0.152679270412361
"norm","miceRf","X",0.2232552077102
"norm","micePmm","X",0.186905600326558
"norm","missFor","X",0.101793636358338
"norm","miceRf","X",0.261412194160475
"norm","micePmm","X",0.17066209489594
"norm","missFor","X",0.17137777231435
"norm","miceRf","X",0.248154024141189
"norm","micePmm","X",0.297444601352765
"norm","missFor","X",0.0989654556213317
"norm","miceRf","X",0.274171499423762
"norm","micePmm","X",0.168837539944404
"norm","missFor","X",0.153629363399694
"norm","miceRf","X",0.372616204336342
"norm","micePmm","X",0.225735443983619
"norm","missFor","X",0.114918391743119
"norm","miceRf","X",0.358081419667426
"norm","micePmm","X",0.195091639721206
"norm","missFor","X",0.102676127769109
"norm","miceRf","X",0.30702074783717
"norm","micePmm","X",0.184995379966149
"norm","missFor","X",0.114599607814528
"norm","miceRf","X",0.247762202307665
"norm","micePmm","X",0.156150343986102
"norm","missFor","X",0.0885247329406742
"norm","miceRf","X",0.29206292670443
"norm","micePmm","X",0.132519798670927
"norm","missFor","X",0.140108984601268
"norm","miceRf","X",0.332522320663193
"norm","micePmm","X",0.259072679917005
"norm","missFor","X",0.159149915232226
"norm","miceRf","X",0.334407187387376
"norm","micePmm","X",0.20766939538007
"norm","missFor","X",0.145264962535175
"norm","miceRf","X",0.246968974650873
"norm","micePmm","X",0.189149848561076
"norm","missFor","X",0.112364194227521
"norm","miceRf","X",0.234925518082626
"norm","micePmm","X",0.156909255403301
"norm","missFor","X",0.105507828352179
"norm","miceRf","X",0.21285322825548
"norm","micePmm","X",0.181368511593066
"norm","missFor","X",0.0779157853182739
"norm","miceRf","X",0.200381651490674
"norm","micePmm","X",0.124822759051047
"norm","missFor","X",0.138945438425279
"norm","miceRf","X",0.306850694592447
"norm","micePmm","X",0.203767706735605
"norm","missFor","X",0.117611953440781
"norm","miceRf","X",0.211129494473343
"norm","micePmm","X",0.202452755898006
"norm","missFor","X",0.0980674969620447
"norm","miceRf","X",0.250889082219641
"norm","micePmm","X",0.218046773256109
"norm","missFor","X",0.119397514376432
"norm","miceRf","X",0.279363287975322
"norm","micePmm","X",0.184289089867092
"norm","missFor","X",0.137267719097073
"norm","miceRf","X",0.310230637514672
"norm","micePmm","X",0.259021935364047
"norm","missFor","X",0.0911802339990285
"norm","miceRf","X",0.258327268003893
"norm","micePmm","X",0.197970003640408
"norm","missFor","X",0.302114374265147
"norm","miceRf","X",0.342533460665474
"norm","micePmm","X",0.368883550429077
"norm","missFor","X",0.172701373951869
"norm","miceRf","X",0.233311749645083
"norm","micePmm","X",0.24947597755674
"norm","missFor","X",0.163457978453923
"norm","miceRf","X",0.298965696306747
"norm","micePmm","X",0.226774427942861
"norm","missFor","X",0.106664465214293
"norm","miceRf","X",0.200620909222612
"norm","micePmm","X",0.16110261955878
"norm","missFor","X",0.130118051386398
"norm","miceRf","X",0.254958176357103
"norm","micePmm","X",0.158168457838595
"norm","missFor","X",0.124291877052707
"norm","miceRf","X",0.285615144059158
"norm","micePmm","X",0.214725090951551
"norm","missFor","X",0.157382000820416
"norm","miceRf","X",0.20430626441742
"norm","micePmm","X",0.248182689065473
"norm","missFor","X",0.103047398148379
"norm","miceRf","X",0.198923903724156
"norm","micePmm","X",0.138699557928334
"norm","missFor","X",0.153406729617506
"norm","miceRf","X",0.243927107256569
"norm","micePmm","X",0.234215053643806
"norm","missFor","X",0.112262124174311
"norm","miceRf","X",0.229438198062241
"norm","micePmm","X",0.163497591848661
"norm","missFor","X",0.0845112644797347
"norm","miceRf","X",0.197610897682889
"norm","micePmm","X",0.0847595956573741
"norm","missFor","X",0.107889985551327
"norm","miceRf","X",0.315673437471702
"norm","micePmm","X",0.165409834323094
"norm","missFor","X",0.0965405807728703
"norm","miceRf","X",0.30274472538723
"norm","micePmm","X",0.146815356571597
"norm","missFor","X",0.120227443896882
"norm","miceRf","X",0.191496406351166
"norm","micePmm","X",0.21413365263202
"norm","missFor","X",0.184326983333623
"norm","miceRf","X",0.247757469404599
"norm","micePmm","X",0.201851847943343
"norm","missFor","X",0.190241309869618
"norm","miceRf","X",0.353047562795247
"norm","micePmm","X",0.22613922122134
"norm","missFor","X",0.104519564771345
"norm","miceRf","X",0.36080536129269
"norm","micePmm","X",0.158545120413116
"norm","missFor","X",0.073374691190437
"norm","miceRf","X",0.286841247615025
"norm","micePmm","X",0.0980646832289936
"norm","missFor","X",0.139511258067916
"norm","miceRf","X",0.235694897126329
"norm","micePmm","X",0.216484281376611
"norm","missFor","X",0.0866968650629332
"norm","miceRf","X",0.316267565586225
"norm","micePmm","X",0.170837539730945
"norm","missFor","X",0.0914434807696647
"norm","miceRf","X",0.16334393137071
"norm","micePmm","X",0.116982405153697
"norm","missFor","X",0.119568630172876
"norm","miceRf","X",0.346403284948927
"norm","micePmm","X",0.158867625550547
"norm","missFor","X",0.172887070229214
"norm","miceRf","X",0.304428503520979
"norm","micePmm","X",0.2002584642853
"norm","missFor","X",0.125996940645597
"norm","miceRf","X",0.246999102704574
"norm","micePmm","X",0.153197767451062
"norm","missFor","X",0.0947608069268092
"norm","miceRf","X",0.295776672002089
"norm","micePmm","X",0.211992043623793
"norm","missFor","X",0.0743610581422429
"norm","miceRf","X",0.175305333925576
"norm","micePmm","X",0.139579136458493
"norm","missFor","X",0.0664248535380693
"norm","miceRf","X",0.198433938909375
"norm","micePmm","X",0.111755450894339
"norm","missFor","X",0.0719264703847829
"norm","miceRf","X",0.205648106865058
"norm","micePmm","X",0.144627837245475
"norm","missFor","X",0.12465335558408
"norm","miceRf","X",0.221362310410111
"norm","micePmm","X",0.155954547826933
"norm","missFor","X",0.131032831051905
"norm","miceRf","X",0.298455424840745
"norm","micePmm","X",0.177669950098575
"norm","missFor","X",0.136186582037993
"norm","miceRf","X",0.254118494270707
"norm","micePmm","X",0.185202764615126
"norm","missFor","X",0.0768940863363068
"norm","miceRf","X",0.287561395648119
"norm","micePmm","X",0.110935121469553
"norm","missFor","X",0.219638158251389
"norm","miceRf","X",0.283439122688002
"norm","micePmm","X",0.273488472690004
"norm","missFor","X",0.0706508547120787
"norm","miceRf","X",0.191005324324766
"norm","micePmm","X",0.137468105759702
"norm","missFor","X",0.0842493659159975
"norm","miceRf","X",0.13476777225811
"norm","micePmm","X",0.147527523410596
"norm","missFor","X",0.077719911311463
"norm","miceRf","X",0.244205356165028
"norm","micePmm","X",0.206966740942298
"norm","missFor","X",0.0860358291625455
"norm","miceRf","X",0.295150312570893
"norm","micePmm","X",0.221355290833911
"norm","missFor","X",0.0878081430667835
"norm","miceRf","X",0.203083822580469
"norm","micePmm","X",0.138492580726101
"norm","missFor","X",0.120492062374564
"norm","miceRf","X",0.28913173802024
"norm","micePmm","X",0.201468985157605
"norm","missFor","X",0.0985939702436649
"norm","miceRf","X",0.196415506096872
"norm","micePmm","X",0.164023639686906
"norm","missFor","X",0.118099292305829
"norm","miceRf","X",0.236364290646257
"norm","micePmm","X",0.132297218416818
"norm","missFor","X",0.0932638178761864
"norm","miceRf","X",0.214590969821483
"norm","micePmm","X",0.115373916097313
"norm","missFor","X",0.0847507876352803
"norm","miceRf","X",0.24857642523958
"norm","micePmm","X",0.11821829581625
"norm","missFor","X",0.105137371460456
"norm","miceRf","X",0.308847422893372
"norm","micePmm","X",0.164767967698336
"norm","missFor","X",0.102215351302791
"norm","miceRf","X",0.27086738675436
"norm","micePmm","X",0.145963288307612
"norm","missFor","X",0.0879255601033627
"norm","miceRf","X",0.281019954597602
"norm","micePmm","X",0.272259313151269
"norm","missFor","X",0.0810344677363745
"norm","miceRf","X",0.237048204385559
"norm","micePmm","X",0.11190883395394
"norm","missFor","X",0.164209412950998
"norm","miceRf","X",0.253744688384098
"norm","micePmm","X",0.236642733634893
"norm","missFor","X",0.0793012423475919
"norm","miceRf","X",0.290100196377776
"norm","micePmm","X",0.138879775176547
"norm","missFor","X",0.159757766879863
"norm","miceRf","X",0.305758000884333
"norm","micePmm","X",0.234934937066217
"norm","missFor","X",0.15659768819312
"norm","miceRf","X",0.31958236558071
"norm","micePmm","X",0.186775242593347
"norm","missFor","X",0.141560780964261
"norm","miceRf","X",0.314810143479867
"norm","micePmm","X",0.17508414985267
"norm","missFor","X",0.167438869047924
"norm","miceRf","X",0.21846654223967
"norm","micePmm","X",0.202624731368159
"norm","missFor","X",0.0991828226975801
"norm","miceRf","X",0.198945458250291
"norm","micePmm","X",0.144015658052034
"unif","missFor","X",0.0352084844570795
"unif","miceRf","X",0.29192155721336
"unif","micePmm","X",0.777017292438573
"unif","missFor","X",0.0359982089180253
"unif","miceRf","X",0.236794443812658
"unif","micePmm","X",0.66589270099844
"unif","missFor","X",0.0414352077622035
"unif","miceRf","X",0.177624056171283
"unif","micePmm","X",0.813260328957076
"unif","missFor","X",0.0380212117586862
"unif","miceRf","X",0.221033634370379
"unif","micePmm","X",0.739397806703081
"unif","missFor","X",0.0309803411744488
"unif","miceRf","X",0.160994616446995
"unif","micePmm","X",0.571077616487573
"unif","missFor","X",0.0342947265713097
"unif","miceRf","X",0.147246416999483
"unif","micePmm","X",0.672619443975555
"unif","missFor","X",0.0359216962490391
"unif","miceRf","X",0.310282979307584
"unif","micePmm","X",0.616346073837996
"unif","missFor","X",0.0285449526610803
"unif","miceRf","X",0.187845187492108
"unif","micePmm","X",0.584772469726352
"unif","missFor","X",0.0360695044222008
"unif","miceRf","X",0.167326857211172
"unif","micePmm","X",0.742155334435932
"unif","missFor","X",0.0330246659229689
"unif","miceRf","X",0.191160841199263
"unif","micePmm","X",0.694892185989781
"unif","missFor","X",0.0347528012290157
"unif","miceRf","X",0.213617465103163
"unif","micePmm","X",0.695625036767247
"unif","missFor","X",0.0341233316563129
"unif","miceRf","X",0.239053865083352
"unif","micePmm","X",0.686753197942655
"unif","missFor","X",0.0343842370928133
"unif","miceRf","X",0.194706505876867
"unif","micePmm","X",0.711614715401642
"unif","missFor","X",0.0344956475886131
"unif","miceRf","X",0.281088905688015
"unif","micePmm","X",0.626703678241172
"unif","missFor","X",0.0430774058672947
"unif","miceRf","X",0.169923632014858
"unif","micePmm","X",0.660060891084955
"unif","missFor","X",0.0358949287360066
"unif","miceRf","X",0.190292732768694
"unif","micePmm","X",0.750871524625538
"unif","missFor","X",0.0380103607706861
"unif","miceRf","X",0.199010393277566
"unif","micePmm","X",0.714797236931089
"unif","missFor","X",0.0337673437163891
"unif","miceRf","X",0.282645982701418
"unif","micePmm","X",0.728697492782271
"unif","missFor","X",0.036370112674805
"unif","miceRf","X",0.278899882485755
"unif","micePmm","X",0.739022561905193
"unif","missFor","X",0.0384269096660272
"unif","miceRf","X",0.333179487816548
"unif","micePmm","X",0.696456450157644
"unif","missFor","X",0.0360549786105724
"unif","miceRf","X",0.178787668309268
"unif","micePmm","X",0.762633617033568
"unif","missFor","X",0.035364843678409
"unif","miceRf","X",0.257634979958686
"unif","micePmm","X",0.69047972458005
"unif","missFor","X",0.0316027453868594
"unif","miceRf","X",0.258511285011286
"unif","micePmm","X",0.66419216237291
"unif","missFor","X",0.0356249523802676
"unif","miceRf","X",0.31441814994259
"unif","micePmm","X",0.571123165547443
"unif","missFor","X",0.043782944492025
"unif","miceRf","X",0.183892923237203
"unif","micePmm","X",0.805002941073786
"unif","missFor","X",0.038285382832826
"unif","miceRf","X",0.193362395548452
"unif","micePmm","X",0.755774388763979
"unif","missFor","X",0.033505512414569
"unif","miceRf","X",0.365677607026538
"unif","micePmm","X",0.677059797352213
"unif","missFor","X",0.0641865335436869
"unif","miceRf","X",0.210987317183104
"unif","micePmm","X",0.467874303577736
"unif","missFor","X",0.0380519933525223
"unif","miceRf","X",0.190694612760199
"unif","micePmm","X",0.750313508214762
"unif","missFor","X",0.0293061682535525
"unif","miceRf","X",0.104587971114832
"unif","micePmm","X",0.712905884430744
"unif","missFor","X",0.0342372797985451
"unif","miceRf","X",0.165681376102152
"unif","micePmm","X",0.761054503841174
"unif","missFor","X",0.0333290840545104
"unif","miceRf","X",0.274342284700818
"unif","micePmm","X",0.642517840993078
"unif","missFor","X",0.0331591057404247
"unif","miceRf","X",0.134762395275761
"unif","micePmm","X",0.57297797973024
"unif","missFor","X",0.0334204704116435
"unif","miceRf","X",0.227484856802424
"unif","micePmm","X",0.562444311707244
"unif","missFor","X",0.0393134195838441
"unif","miceRf","X",0.200624844982082
"unif","micePmm","X",0.812356167903126
"unif","missFor","X",0.0368033879135215
"unif","miceRf","X",0.149502257695651
"unif","micePmm","X",0.70457848749733
"unif","missFor","X",0.037749597832157
"unif","miceRf","X",0.211294047914819
"unif","micePmm","X",0.748416677431617
"unif","missFor","X",0.0372220711406482
"unif","miceRf","X",0.334028545787475
"unif","micePmm","X",0.635352802382242
"unif","missFor","X",0.0376253937545867
"unif","miceRf","X",0.114172705325333
"unif","micePmm","X",0.788067273853094
"unif","missFor","X",0.034831958401696
"unif","miceRf","X",0.121761002793799
"unif","micePmm","X",0.724444404409222
"unif","missFor","X",0.0337585834192487
"unif","miceRf","X",0.343221387450541
"unif","micePmm","X",0.599314477178756
"unif","missFor","X",0.0365865147897702
"unif","miceRf","X",0.362103489289754
"unif","micePmm","X",0.746600854101804
"unif","missFor","X",0.0326889046008843
"unif","miceRf","X",0.266177305932711
"unif","micePmm","X",0.67484433154427
"unif","missFor","X",0.0360935424855534
"unif","miceRf","X",0.362808793477385
"unif","micePmm","X",0.598108501557941
"unif","missFor","X",0.0388366900248527
"unif","miceRf","X",0.116515112921385
"unif","micePmm","X",0.726329724697116
"unif","missFor","X",0.0373431016686966
"unif","miceRf","X",0.138717501797673
"unif","micePmm","X",0.697309500282116
"unif","missFor","X",0.0402143581370958
"unif","miceRf","X",0.433163288524493
"unif","micePmm","X",0.616138471371607
"unif","missFor","X",0.0350188280049204
"unif","miceRf","X",0.115367108212276
"unif","micePmm","X",0.711730135214277
"unif","missFor","X",0.0387182260588554
"unif","miceRf","X",0.225976914640638
"unif","micePmm","X",0.766805472145058
"unif","missFor","X",0.0359020915697227
"unif","miceRf","X",0.245164483428261
"unif","micePmm","X",0.678232324294463
"unif","missFor","X",0.0374828563499357
"unif","miceRf","X",0.16248652871643
"unif","micePmm","X",0.783031096923087
"unif","missFor","X",0.0393259638700108
"unif","miceRf","X",0.250945501343308
"unif","micePmm","X",0.730190256439942
"unif","missFor","X",0.0346012700767209
"unif","miceRf","X",0.272326294846257
"unif","micePmm","X",0.706716343166296
"unif","missFor","X",0.0368448726970177
"unif","miceRf","X",0.191960420714099
"unif","micePmm","X",0.722357948098739
"unif","missFor","X",0.0439669111569031
"unif","miceRf","X",0.182953170722603
"unif","micePmm","X",0.748554789687413
"unif","missFor","X",0.036524699067093
"unif","miceRf","X",0.264422959522016
"unif","micePmm","X",0.601244356912923
"unif","missFor","X",0.035106221070417
"unif","miceRf","X",0.23476594620417
"unif","micePmm","X",0.644481394073701
"unif","missFor","X",0.0382964540643631
"unif","miceRf","X",0.391191765083207
"unif","micePmm","X",0.939779175602274
"unif","missFor","X",0.0350619333283463
"unif","miceRf","X",0.167721171669015
"unif","micePmm","X",0.626239307685867
"unif","missFor","X",0.0402159091786347
"unif","miceRf","X",0.244514272099044
"unif","micePmm","X",0.675597590890694
"unif","missFor","X",0.0554262339904985
"unif","miceRf","X",0.189035722348056
"unif","micePmm","X",0.56432673099116
"unif","missFor","X",0.0402536101702909
"unif","miceRf","X",0.307789440066157
"unif","micePmm","X",0.728827344421901
"unif","missFor","X",0.034021302891229
"unif","miceRf","X",0.348817262497113
"unif","micePmm","X",0.686129151379149
"unif","missFor","X",0.0365329506825457
"unif","miceRf","X",0.236313718452257
"unif","micePmm","X",0.653566609637558
"unif","missFor","X",0.0390960917107805
"unif","miceRf","X",0.249217339922303
"unif","micePmm","X",0.64747095573671
"unif","missFor","X",0.0317056920663905
"unif","miceRf","X",0.282629218365682
"unif","micePmm","X",0.635986588977764
"unif","missFor","X",0.0354617518375436
"unif","miceRf","X",0.134369464326758
"unif","micePmm","X",0.773724059929988
"unif","missFor","X",0.0327149079507628
"unif","miceRf","X",0.173519869935893
"unif","micePmm","X",0.6680565031313
"unif","missFor","X",0.0344978654667629
"unif","miceRf","X",0.155102919294617
"unif","micePmm","X",0.680048939101013
"unif","missFor","X",0.0355879925570376
"unif","miceRf","X",0.189559004220138
"unif","micePmm","X",0.67092808262369
"unif","missFor","X",0.0335006634810217
"unif","miceRf","X",0.236118880339431
"unif","micePmm","X",0.707824096961597
"unif","missFor","X",0.0351574569467341
"unif","miceRf","X",0.221758595008149
"unif","micePmm","X",0.71490887149319
"unif","missFor","X",0.0330143435985376
"unif","miceRf","X",0.202517890276929
"unif","micePmm","X",0.631194900992345
"unif","missFor","X",0.0379307850201388
"unif","miceRf","X",0.128228586930062
"unif","micePmm","X",0.664134848520588
"unif","missFor","X",0.0436177956894191
"unif","miceRf","X",0.272121832661102
"unif","micePmm","X",0.837138475081372
"unif","missFor","X",0.0386361560367542
"unif","miceRf","X",0.336641371785605
"unif","micePmm","X",0.573193263036329
"unif","missFor","X",0.0380905219904528
"unif","miceRf","X",0.315826890614338
"unif","micePmm","X",0.744823383048551
"unif","missFor","X",0.0387291025301463
"unif","miceRf","X",0.216560229379984
"unif","micePmm","X",0.771434153139289
"unif","missFor","X",0.0385613462060754
"unif","miceRf","X",0.471437290354638
"unif","micePmm","X",0.666070447500827
"unif","missFor","X",0.0318919054643197
"unif","miceRf","X",0.129279187701201
"unif","micePmm","X",0.725771973548687
"unif","missFor","X",0.0334315351095486
"unif","miceRf","X",0.269112687230189
"unif","micePmm","X",0.769135756725852
"unif","missFor","X",0.0457155127172074
"unif","miceRf","X",0.255645992335392
"unif","micePmm","X",0.609545313357685
"unif","missFor","X",0.0399095463414374
"unif","miceRf","X",0.345222359018804
"unif","micePmm","X",0.754543836401545
"unif","missFor","X",0.0374626719963006
"unif","miceRf","X",0.150178545355266
"unif","micePmm","X",0.803672881065534
"unif","missFor","X",0.0356289130111181
"unif","miceRf","X",0.173996362828388
"unif","micePmm","X",0.620447061658521
"unif","missFor","X",0.039986752513725
"unif","miceRf","X",0.352503741749486
"unif","micePmm","X",0.697361532624701
"unif","missFor","X",0.0392091481295058
"unif","miceRf","X",0.152048614989534
"unif","micePmm","X",0.724224212377019
"unif","missFor","X",0.0363706272631433
"unif","miceRf","X",0.298628341534818
"unif","micePmm","X",0.660294524882967
"unif","missFor","X",0.0404596497330711
"unif","miceRf","X",0.101378419976897
"unif","micePmm","X",0.644674569330156
"unif","missFor","X",0.033777866231543
"unif","miceRf","X",0.225177603454333
"unif","micePmm","X",0.693837283782367
"unif","missFor","X",0.0336561555321226
"unif","miceRf","X",0.263883565240184
"unif","micePmm","X",0.750529703334524
"unif","missFor","X",0.0320472494090801
"unif","miceRf","X",0.23468169235377
"unif","micePmm","X",0.761559484868474
"unif","missFor","X",0.0368693864645282
"unif","miceRf","X",0.175110004147147
"unif","micePmm","X",0.781725405879364
"unif","missFor","X",0.0372679061959706
"unif","miceRf","X",0.21711412315724
"unif","micePmm","X",0.740853834107365
"unif","missFor","X",0.0347447954981798
"unif","miceRf","X",0.254360781625729
"unif","micePmm","X",0.658627032624356
"unif","missFor","X",0.0368479786551165
"unif","miceRf","X",0.196833302741552
"unif","micePmm","X",0.705245138320731
"unif","missFor","X",0.0277805154091163
"unif","miceRf","X",0.262754454656724
"unif","micePmm","X",0.793289509308077
"unif","missFor","X",0.0352811034652784
"unif","miceRf","X",0.190627042362179
"unif","micePmm","X",0.61090734670314
"unif","missFor","X",0.0292280391719635
"unif","miceRf","X",0.173923272392092
"unif","micePmm","X",0.70847390340877
"unif","missFor","X",0.0346090986095008
"unif","miceRf","X",0.242617441227193
"unif","micePmm","X",0.617424151966846
"lognorm1","missFor","X",0.821243685234317
"lognorm1","miceRf","X",0.681618451174238
"lognorm1","micePmm","X",0.687338479943563
"lognorm1","missFor","X",0.512674119364018
"lognorm1","miceRf","X",0.605839118851081
"lognorm1","micePmm","X",0.586294218152326
"lognorm1","missFor","X",0.601512588957956
"lognorm1","miceRf","X",0.64746261739869
"lognorm1","micePmm","X",0.623822720251552
"lognorm1","missFor","X",0.546025275833135
"lognorm1","miceRf","X",0.574289522510506
"lognorm1","micePmm","X",0.596760113337278
"lognorm1","missFor","X",0.368339953719228
"lognorm1","miceRf","X",0.495314287458374
"lognorm1","micePmm","X",0.459365697124806
"lognorm1","missFor","X",0.413227314381043
"lognorm1","miceRf","X",0.502154284455712
"lognorm1","micePmm","X",0.486340104351349
"lognorm1","missFor","X",0.919615093277293
"lognorm1","miceRf","X",0.658646107802426
"lognorm1","micePmm","X",0.627239464361752
"lognorm1","missFor","X",0.481845193142458
"lognorm1","miceRf","X",0.515224008326069
"lognorm1","micePmm","X",0.481107263146359
"lognorm1","missFor","X",0.416393542522289
"lognorm1","miceRf","X",0.509373528224563
"lognorm1","micePmm","X",0.501259575929639
"lognorm1","missFor","X",0.463772669928907
"lognorm1","miceRf","X",0.56334560169144
"lognorm1","micePmm","X",0.495363212611145
"lognorm1","missFor","X",0.531522757552355
"lognorm1","miceRf","X",0.623660901130959
"lognorm1","micePmm","X",0.613643921744035
"lognorm1","missFor","X",0.680574421023858
"lognorm1","miceRf","X",0.63376993144221
"lognorm1","micePmm","X",0.637366042156266
"lognorm1","missFor","X",0.579932917581868
"lognorm1","miceRf","X",0.726261278385742
"lognorm1","micePmm","X",0.671098307142959
"lognorm1","missFor","X",0.623207926081621
"lognorm1","miceRf","X",0.670771359983331
"lognorm1","micePmm","X",0.700520020145618
"lognorm1","missFor","X",0.857857057899539
"lognorm1","miceRf","X",0.591671458944049
"lognorm1","micePmm","X",0.575893911358635
"lognorm1","missFor","X",0.479451056822355
"lognorm1","miceRf","X",0.692241556668666
"lognorm1","micePmm","X",0.629085132972511
"lognorm1","missFor","X",0.591834849714541
"lognorm1","miceRf","X",0.641811110320139
"lognorm1","micePmm","X",0.623883267936967
"lognorm1","missFor","X",0.527757469233733
"lognorm1","miceRf","X",0.528713090240837
"lognorm1","micePmm","X",0.586570031377126
"lognorm1","missFor","X",0.47349098125257
"lognorm1","miceRf","X",0.510032758617699
"lognorm1","micePmm","X",0.478979335759618
"lognorm1","missFor","X",0.910028930862381
"lognorm1","miceRf","X",0.727104807796953
"lognorm1","micePmm","X",0.741680853198027
"lognorm1","missFor","X",0.561410883152329
"lognorm1","miceRf","X",0.59703535009008
"lognorm1","micePmm","X",0.617074260289602
"lognorm1","missFor","X",0.546626520318814
"lognorm1","miceRf","X",0.608508562408
"lognorm1","micePmm","X",0.637223612393773
"lognorm1","missFor","X",0.84885839587259
"lognorm1","miceRf","X",0.677321409235541
"lognorm1","micePmm","X",0.679632120320881
"lognorm1","missFor","X",0.570126390772281
"lognorm1","miceRf","X",0.625795970929278
"lognorm1","micePmm","X",0.636046888590663
"lognorm1","missFor","X",0.524826390881011
"lognorm1","miceRf","X",0.619626742085533
"lognorm1","micePmm","X",0.608608851410935
"lognorm1","missFor","X",0.621835797382589
"lognorm1","miceRf","X",0.657699038434522
"lognorm1","micePmm","X",0.781546403214904
"lognorm1","missFor","X",0.945465804637805
"lognorm1","miceRf","X",0.596532658967962
"lognorm1","micePmm","X",0.622925248747164
"lognorm1","missFor","X",0.37064647189022
"lognorm1","miceRf","X",0.549278002945614
"lognorm1","micePmm","X",0.495820930364739
"lognorm1","missFor","X",0.878591973593544
"lognorm1","miceRf","X",0.601886546903968
"lognorm1","micePmm","X",0.625364465203742
"lognorm1","missFor","X",0.637777822708607
"lognorm1","miceRf","X",0.650438215695209
"lognorm1","micePmm","X",0.669044870040882
"lognorm1","missFor","X",0.569813563903179
"lognorm1","miceRf","X",0.712697025045086
"lognorm1","micePmm","X",0.579918884537164
"lognorm1","missFor","X",0.739022763735285
"lognorm1","miceRf","X",0.791718225091172
"lognorm1","micePmm","X",0.774581383684532
"lognorm1","missFor","X",0.587776999992809
"lognorm1","miceRf","X",0.711624319088162
"lognorm1","micePmm","X",0.699739873177973
"lognorm1","missFor","X",0.543025812853312
"lognorm1","miceRf","X",0.586319318037898
"lognorm1","micePmm","X",0.581948843520815
"lognorm1","missFor","X",0.521573677229308
"lognorm1","miceRf","X",0.646730932057683
"lognorm1","micePmm","X",0.629333221770811
"lognorm1","missFor","X",0.620223034379247
"lognorm1","miceRf","X",0.641701691935943
"lognorm1","micePmm","X",0.615554708152283
"lognorm1","missFor","X",0.429608431900894
"lognorm1","miceRf","X",0.478838658527559
"lognorm1","micePmm","X",0.520881437915399
"lognorm1","missFor","X",0.574392916328421
"lognorm1","miceRf","X",0.676740177244282
"lognorm1","micePmm","X",0.613045321693324
"lognorm1","missFor","X",0.55715176360465
"lognorm1","miceRf","X",0.598152484036243
"lognorm1","micePmm","X",0.682959544569533
"lognorm1","missFor","X",0.505270312184011
"lognorm1","miceRf","X",0.584409243957053
"lognorm1","micePmm","X",0.666611530441831
"lognorm1","missFor","X",0.374604804590703
"lognorm1","miceRf","X",0.514016373300119
"lognorm1","micePmm","X",0.43038198725656
"lognorm1","missFor","X",0.554547513035864
"lognorm1","miceRf","X",0.692576938815915
"lognorm1","micePmm","X",0.657777583241146
"lognorm1","missFor","X",0.552162360645746
"lognorm1","miceRf","X",0.564742558699841
"lognorm1","micePmm","X",0.576126111898678
"lognorm1","missFor","X",0.655335588974967
"lognorm1","miceRf","X",0.673301811495185
"lognorm1","micePmm","X",0.739313244246297
"lognorm1","missFor","X",0.459647094794826
"lognorm1","miceRf","X",0.629044834750672
"lognorm1","micePmm","X",0.542408969740077
"lognorm1","missFor","X",0.45195274992269
"lognorm1","miceRf","X",0.583486379348213
"lognorm1","micePmm","X",0.578576109199653
"lognorm1","missFor","X",0.505734468712212
"lognorm1","miceRf","X",0.479363447594526
"lognorm1","micePmm","X",0.61573995234837
"lognorm1","missFor","X",0.402024090077111
"lognorm1","miceRf","X",0.51647061369976
"lognorm1","micePmm","X",0.507349049825816
"lognorm1","missFor","X",0.631202868131367
"lognorm1","miceRf","X",0.69877470199777
"lognorm1","micePmm","X",0.678600581382106
"lognorm1","missFor","X",0.733343709979905
"lognorm1","miceRf","X",0.397763858292052
"lognorm1","micePmm","X",0.482778584093144
"lognorm1","missFor","X",0.501782095340118
"lognorm1","miceRf","X",0.521233093200766
"lognorm1","micePmm","X",0.549292320552566
"lognorm1","missFor","X",0.767409097363684
"lognorm1","miceRf","X",0.788877675513579
"lognorm1","micePmm","X",0.810057578548058
"lognorm1","missFor","X",0.552060508802951
"lognorm1","miceRf","X",0.611939756581916
"lognorm1","micePmm","X",0.602917145689551
"lognorm1","missFor","X",0.60374841425885
"lognorm1","miceRf","X",0.614784258803579
"lognorm1","micePmm","X",0.598540875570699
"lognorm1","missFor","X",0.684831602869476
"lognorm1","miceRf","X",0.756196459023053
"lognorm1","micePmm","X",0.755179430414131
"lognorm1","missFor","X",0.70167999704065
"lognorm1","miceRf","X",0.762491548749077
"lognorm1","micePmm","X",0.743453574417033
"lognorm1","missFor","X",0.301136113415419
"lognorm1","miceRf","X",0.454016125152752
"lognorm1","micePmm","X",0.551202908324835
"lognorm1","missFor","X",0.948436557636161
"lognorm1","miceRf","X",0.799432111228374
"lognorm1","micePmm","X",0.820646764100252
"lognorm1","missFor","X",0.608585516377169
"lognorm1","miceRf","X",0.614265503849918
"lognorm1","micePmm","X",0.670386116311149
"lognorm1","missFor","X",0.353061205683937
"lognorm1","miceRf","X",0.430493179465615
"lognorm1","micePmm","X",0.39691445624029
"lognorm1","missFor","X",0.881509588309884
"lognorm1","miceRf","X",0.717310306869851
"lognorm1","micePmm","X",0.662048461121829
"lognorm1","missFor","X",0.85560650772681
"lognorm1","miceRf","X",0.892120251427678
"lognorm1","micePmm","X",0.858667062490478
"lognorm1","missFor","X",0.594863179514423
"lognorm1","miceRf","X",0.597614618517489
"lognorm1","micePmm","X",0.650652347519518
"lognorm1","missFor","X",0.63392994077853
"lognorm1","miceRf","X",0.715672480027497
"lognorm1","micePmm","X",0.673138493464461
"lognorm1","missFor","X",0.608975589772958
"lognorm1","miceRf","X",0.607993136395524
"lognorm1","micePmm","X",0.736353740969295
"lognorm1","missFor","X",0.590613910871402
"lognorm1","miceRf","X",0.602785571084166
"lognorm1","micePmm","X",0.669497268158801
"lognorm1","missFor","X",0.628091686723496
"lognorm1","miceRf","X",0.671659939558408
"lognorm1","micePmm","X",0.637803325894454
"lognorm1","missFor","X",0.592035811524933
"lognorm1","miceRf","X",0.670435669315571
"lognorm1","micePmm","X",0.679559506820546
"lognorm1","missFor","X",0.694459780800824
"lognorm1","miceRf","X",0.729660111638847
"lognorm1","micePmm","X",0.724386902767248
"lognorm1","missFor","X",0.406296432267055
"lognorm1","miceRf","X",0.534589268837149
"lognorm1","micePmm","X",0.565535604417304
"lognorm1","missFor","X",0.753237935839499
"lognorm1","miceRf","X",0.76280443743689
"lognorm1","micePmm","X",0.743015372299171
"lognorm1","missFor","X",0.590687469153551
"lognorm1","miceRf","X",0.617314257761784
"lognorm1","micePmm","X",0.601763962775872
"lognorm1","missFor","X",0.525099065000943
"lognorm1","miceRf","X",0.660874431657139
"lognorm1","micePmm","X",0.626874966200735
"lognorm1","missFor","X",0.404351807593362
"lognorm1","miceRf","X",0.577656329758013
"lognorm1","micePmm","X",0.565754241059102
"lognorm1","missFor","X",0.58201586077963
"lognorm1","miceRf","X",0.711234894877532
"lognorm1","micePmm","X",0.644581243329521
"lognorm1","missFor","X",0.525260880192339
"lognorm1","miceRf","X",0.586909441565188
"lognorm1","micePmm","X",0.608528535287806
"lognorm1","missFor","X",0.706858062481615
"lognorm1","miceRf","X",0.739568618932144
"lognorm1","micePmm","X",0.742062390693298
"lognorm1","missFor","X",0.557652441608295
"lognorm1","miceRf","X",0.585959383345713
"lognorm1","micePmm","X",0.650587593763417
"lognorm1","missFor","X",0.414681935617006
"lognorm1","miceRf","X",0.569785914612564
"lognorm1","micePmm","X",0.494091962037171
"lognorm1","missFor","X",0.744671376688862
"lognorm1","miceRf","X",0.814827557582655
"lognorm1","micePmm","X",0.815769909264858
"lognorm1","missFor","X",0.854771426435154
"lognorm1","miceRf","X",0.652619304707732
"lognorm1","micePmm","X",0.647099976775075
"lognorm1","missFor","X",0.413440939280544
"lognorm1","miceRf","X",0.605491496901997
"lognorm1","micePmm","X",0.563324188910568
"lognorm1","missFor","X",0.837612950967225
"lognorm1","miceRf","X",0.606583673679048
"lognorm1","micePmm","X",0.575089555282365
"lognorm1","missFor","X",0.590769437452456
"lognorm1","miceRf","X",0.603670034171467
"lognorm1","micePmm","X",0.611737637836116
"lognorm1","missFor","X",0.798265876546643
"lognorm1","miceRf","X",0.83110152196521
"lognorm1","micePmm","X",0.816683559125775
"lognorm1","missFor","X",0.59115791105193
"lognorm1","miceRf","X",0.697534360390905
"lognorm1","micePmm","X",0.648884064133019
"lognorm1","missFor","X",0.634122328303579
"lognorm1","miceRf","X",0.618247646732799
"lognorm1","micePmm","X",0.720165589746755
"lognorm1","missFor","X",0.870439050717615
"lognorm1","miceRf","X",0.657685073040803
"lognorm1","micePmm","X",0.65489798342591
"lognorm1","missFor","X",0.632171834194661
"lognorm1","miceRf","X",0.6781521338298
"lognorm1","micePmm","X",0.668197872903333
"lognorm1","missFor","X",0.475780355783188
"lognorm1","miceRf","X",0.556058639602952
"lognorm1","micePmm","X",0.527443891266524
"lognorm1","missFor","X",0.564376196276645
"lognorm1","miceRf","X",0.596128869931773
"lognorm1","micePmm","X",0.634152077492648
"lognorm1","missFor","X",0.30692669693225
"lognorm1","miceRf","X",0.41009359923511
"lognorm1","micePmm","X",0.387638600958641
"lognorm1","missFor","X",0.584476898329567
"lognorm1","miceRf","X",0.794517384742492
"lognorm1","micePmm","X",0.697520959198692
"lognorm1","missFor","X",0.677433106545877
"lognorm1","miceRf","X",0.673901637606155
"lognorm1","micePmm","X",0.742835148084502
"lognorm1","missFor","X",0.409743112536437
"lognorm1","miceRf","X",0.43687007048571
"lognorm1","micePmm","X",0.609033713410543
"lognorm1","missFor","X",0.500264453674002
"lognorm1","miceRf","X",0.543154781131913
"lognorm1","micePmm","X",0.613424031021602
"lognorm1","missFor","X",0.696546919755579
"lognorm1","miceRf","X",0.742404513911858
"lognorm1","micePmm","X",0.737872085603125
"lognorm1","missFor","X",0.709221610543651
"lognorm1","miceRf","X",0.734968302280287
"lognorm1","micePmm","X",0.718244714919184
"lognorm1","missFor","X",0.896934338989115
"lognorm1","miceRf","X",0.806098528121682
"lognorm1","micePmm","X",0.748350820500743
"lognorm1","missFor","X",0.891288426457161
"lognorm1","miceRf","X",0.683705854709793
"lognorm1","micePmm","X",0.641413569237977
"lognorm2","missFor","X",0.879426195952329
"lognorm2","miceRf","X",0.909549911419381
"lognorm2","micePmm","X",0.912491249936268
"lognorm2","missFor","X",0.596712203978409
"lognorm2","miceRf","X",0.624503872168
"lognorm2","micePmm","X",0.618727866097136
"lognorm2","missFor","X",0.670059929113712
"lognorm2","miceRf","X",0.715050985053662
"lognorm2","micePmm","X",0.699910269591886
"lognorm2","missFor","X",0.710048999640305
"lognorm2","miceRf","X",0.659977464056003
"lognorm2","micePmm","X",0.754646634555639
"lognorm2","missFor","X",0.807043870769593
"lognorm2","miceRf","X",0.817937397195475
"lognorm2","micePmm","X",0.79736933375539
"lognorm2","missFor","X",0.719238479813258
"lognorm2","miceRf","X",0.693888252689192
"lognorm2","micePmm","X",0.684972635288071
"lognorm2","missFor","X",0.25143064563642
"lognorm2","miceRf","X",0.460355323107329
"lognorm2","micePmm","X",0.383589767204743
"lognorm2","missFor","X",0.661786362961603
"lognorm2","miceRf","X",0.701450325888982
"lognorm2","micePmm","X",0.666102336932339
"lognorm2","missFor","X",0.634621205318018
"lognorm2","miceRf","X",0.688115939639746
"lognorm2","micePmm","X",0.733884300371869
"lognorm2","missFor","X",0.420308492772126
"lognorm2","miceRf","X",0.580607982782659
"lognorm2","micePmm","X",0.575730916632945
"lognorm2","missFor","X",0.656166844464561
"lognorm2","miceRf","X",0.682034624967341
"lognorm2","micePmm","X",0.70004923289564
"lognorm2","missFor","X",0.658624579260249
"lognorm2","miceRf","X",0.70229879483544
"lognorm2","micePmm","X",0.680236273210191
"lognorm2","missFor","X",0.893471229259501
"lognorm2","miceRf","X",0.752328664820018
"lognorm2","micePmm","X",0.67981658791347
"lognorm2","missFor","X",0.685616094959454
"lognorm2","miceRf","X",0.764822680700906
"lognorm2","micePmm","X",0.729597150025128
"lognorm2","missFor","X",0.870699674751129
"lognorm2","miceRf","X",0.676242154587992
"lognorm2","micePmm","X",0.645791885580487
"lognorm2","missFor","X",0.741650474821071
"lognorm2","miceRf","X",0.765585044528786
"lognorm2","micePmm","X",0.749743560018448
"lognorm2","missFor","X",0.846378285788026
"lognorm2","miceRf","X",0.904402333385668
"lognorm2","micePmm","X",0.878860342289744
"lognorm2","missFor","X",0.746679311975129
"lognorm2","miceRf","X",0.793913442503857
"lognorm2","micePmm","X",0.78393456271336
"lognorm2","missFor","X",0.845671107755472
"lognorm2","miceRf","X",0.88460576430658
"lognorm2","micePmm","X",0.875251284767605
"lognorm2","missFor","X",0.781725934297601
"lognorm2","miceRf","X",0.838106734298149
"lognorm2","micePmm","X",0.805538199804826
"lognorm2","missFor","X",0.79514452712149
"lognorm2","miceRf","X",0.797741190401904
"lognorm2","micePmm","X",0.82237789551003
"lognorm2","missFor","X",0.574175775789183
"lognorm2","miceRf","X",0.630275715085612
"lognorm2","micePmm","X",0.673297798039252
"lognorm2","missFor","X",0.771816562088844
"lognorm2","miceRf","X",0.789091467534045
"lognorm2","micePmm","X",0.79313869555219
"lognorm2","missFor","X",0.380928264979234
"lognorm2","miceRf","X",0.553037606524097
"lognorm2","micePmm","X",0.501289190085595
"lognorm2","missFor","X",0.775259672676604
"lognorm2","miceRf","X",0.791066278916439
"lognorm2","micePmm","X",0.788027515781673
"lognorm2","missFor","X",0.67088751315031
"lognorm2","miceRf","X",0.689683385641336
"lognorm2","micePmm","X",0.699935302020725
"lognorm2","missFor","X",0.832128117385462
"lognorm2","miceRf","X",0.816604914273763
"lognorm2","micePmm","X",0.835559774603294
"lognorm2","missFor","X",0.68652312231619
"lognorm2","miceRf","X",0.709259630611891
"lognorm2","micePmm","X",0.67967360021502
"lognorm2","missFor","X",0.920738440073665
"lognorm2","miceRf","X",0.955369625907025
"lognorm2","micePmm","X",0.94672858304829
"lognorm2","missFor","X",0.707209474842449
"lognorm2","miceRf","X",0.738300849043912
"lognorm2","micePmm","X",0.834647269750474
"lognorm2","missFor","X",0.541254603459301
"lognorm2","miceRf","X",0.564996770275053
"lognorm2","micePmm","X",0.556047653848468
"lognorm2","missFor","X",0.511823019017163
"lognorm2","miceRf","X",0.548960997646043
"lognorm2","micePmm","X",0.568133552835895
"lognorm2","missFor","X",0.759222463550007
"lognorm2","miceRf","X",0.809485342339906
"lognorm2","micePmm","X",0.750623451595695
"lognorm2","missFor","X",0.895598519560354
"lognorm2","miceRf","X",0.908716139200581
"lognorm2","micePmm","X",0.913308409506822
"lognorm2","missFor","X",0.518710646553227
"lognorm2","miceRf","X",0.571084971004582
"lognorm2","micePmm","X",0.567914780168488
"lognorm2","missFor","X",0.847937493881847
"lognorm2","miceRf","X",0.861408101096703
"lognorm2","micePmm","X",0.852099056155363
"lognorm2","missFor","X",0.654325823533617
"lognorm2","miceRf","X",0.678757758180777
"lognorm2","micePmm","X",0.675021349131898
"lognorm2","missFor","X",0.685552351506298
"lognorm2","miceRf","X",0.739554326901656
"lognorm2","micePmm","X",0.758973045868387
"lognorm2","missFor","X",0.7141548937172
"lognorm2","miceRf","X",0.74005131193999
"lognorm2","micePmm","X",0.683614196542532
"lognorm2","missFor","X",0.780306754786247
"lognorm2","miceRf","X",0.812806710612876
"lognorm2","micePmm","X",0.824156707012329
"lognorm2","missFor","X",0.777995542497854
"lognorm2","miceRf","X",0.776760514144019
"lognorm2","micePmm","X",0.775582678921553
"lognorm2","missFor","X",0.714720295995542
"lognorm2","miceRf","X",0.782742302000067
"lognorm2","micePmm","X",0.783276167003348
"lognorm2","missFor","X",0.656769574324197
"lognorm2","miceRf","X",0.728551039910509
"lognorm2","micePmm","X",0.72664829897062
"lognorm2","missFor","X",0.812417267342021
"lognorm2","miceRf","X",0.821228138639244
"lognorm2","micePmm","X",0.831623761440974
"lognorm2","missFor","X",0.938416079637423
"lognorm2","miceRf","X",0.95169079608764
"lognorm2","micePmm","X",0.951665038763873
"lognorm2","missFor","X",0.655160315539522
"lognorm2","miceRf","X",0.682636876289252
"lognorm2","micePmm","X",0.698909058858055
"lognorm2","missFor","X",0.577299313048737
"lognorm2","miceRf","X",0.600736690116017
"lognorm2","micePmm","X",0.646790298264178
"lognorm2","missFor","X",0.804993821198081
"lognorm2","miceRf","X",0.866080120769716
"lognorm2","micePmm","X",0.837670182536837
"lognorm2","missFor","X",0.644800991662415
"lognorm2","miceRf","X",0.685436242604634
"lognorm2","micePmm","X",0.692670720390929
"lognorm2","missFor","X",0.657711074999851
"lognorm2","miceRf","X",0.700978148911794
"lognorm2","micePmm","X",0.702712332480099
"lognorm2","missFor","X",0.683031740737282
"lognorm2","miceRf","X",0.722589438289485
"lognorm2","micePmm","X",0.747019510863515
"lognorm2","missFor","X",0.702654533659418
"lognorm2","miceRf","X",0.757968781098732
"lognorm2","micePmm","X",0.721539096257219
"lognorm2","missFor","X",0.761530149023689
"lognorm2","miceRf","X",0.783658590396128
"lognorm2","micePmm","X",0.773355597150469
"lognorm2","missFor","X",0.607356527004122
"lognorm2","miceRf","X",0.644640291893105
"lognorm2","micePmm","X",0.610663321074508
"lognorm2","missFor","X",0.750700565397448
"lognorm2","miceRf","X",0.788397006034157
"lognorm2","micePmm","X",0.768008882832156
"lognorm2","missFor","X",0.53280251136326
"lognorm2","miceRf","X",0.596808271846383
"lognorm2","micePmm","X",0.579412503137031
"lognorm2","missFor","X",0.536968142209621
"lognorm2","miceRf","X",0.606927470032562
"lognorm2","micePmm","X",0.619392249229859
"lognorm2","missFor","X",0.753558955599384
"lognorm2","miceRf","X",0.82613770010004
"lognorm2","micePmm","X",0.829903194844908
"lognorm2","missFor","X",0.680742498999465
"lognorm2","miceRf","X",0.734954169967461
"lognorm2","micePmm","X",0.687207193177776
"lognorm2","missFor","X",0.88993643638471
"lognorm2","miceRf","X",0.889164779647945
"lognorm2","micePmm","X",0.888678780929035
"lognorm2","missFor","X",0.707617442976107
"lognorm2","miceRf","X",0.784642706541877
"lognorm2","micePmm","X",0.839361585159973
"lognorm2","missFor","X",0.773401934560462
"lognorm2","miceRf","X",0.792251271499378
"lognorm2","micePmm","X",0.805938286749467
"lognorm2","missFor","X",0.797328236164788
"lognorm2","miceRf","X",0.837488323475115
"lognorm2","micePmm","X",0.815651552623219
"lognorm2","missFor","X",0.491901358927774
"lognorm2","miceRf","X",0.554826306466891
"lognorm2","micePmm","X",0.524997202523433
"lognorm2","missFor","X",0.72008857776273
"lognorm2","miceRf","X",0.740964178781977
"lognorm2","micePmm","X",0.766662334418615
"lognorm2","missFor","X",0.776775876071311
"lognorm2","miceRf","X",0.827128563164831
"lognorm2","micePmm","X",0.801388288348791
"lognorm2","missFor","X",0.569466341829531
"lognorm2","miceRf","X",0.599607516020581
"lognorm2","micePmm","X",0.582580175459274
"lognorm2","missFor","X",0.860857834553336
"lognorm2","miceRf","X",0.887030705770097
"lognorm2","micePmm","X",0.860023797025719
"lognorm2","missFor","X",0.820134809235029
"lognorm2","miceRf","X",0.811675970681176
"lognorm2","micePmm","X",0.870611593366136
"lognorm2","missFor","X",0.661262662201277
"lognorm2","miceRf","X",0.701932008950589
"lognorm2","micePmm","X",0.718409024141322
"lognorm2","missFor","X",0.752101773891358
"lognorm2","miceRf","X",0.768917168572382
"lognorm2","micePmm","X",0.76409137118214
"lognorm2","missFor","X",0.654248792887729
"lognorm2","miceRf","X",0.679750399203719
"lognorm2","micePmm","X",0.731352765862825
"lognorm2","missFor","X",0.699713246513003
"lognorm2","miceRf","X",0.74419253157353
"lognorm2","micePmm","X",0.741571562349448
"lognorm2","missFor","X",0.881428241089439
"lognorm2","miceRf","X",0.892417121822797
"lognorm2","micePmm","X",0.86758312078793
"lognorm2","missFor","X",0.660586024808749
"lognorm2","miceRf","X",0.752666438687692
"lognorm2","micePmm","X",0.720399775307678
"lognorm2","missFor","X",0.896548729831078
"lognorm2","miceRf","X",0.672428702624761
"lognorm2","micePmm","X",0.700632922490157
"lognorm2","missFor","X",0.683635331558839
"lognorm2","miceRf","X",0.73478138098103
"lognorm2","micePmm","X",0.693556451817417
"lognorm2","missFor","X",0.941785789675545
"lognorm2","miceRf","X",0.926797563304161
"lognorm2","micePmm","X",0.935078009484262
"lognorm2","missFor","X",0.560548893140981
"lognorm2","miceRf","X",0.633554835646565
"lognorm2","micePmm","X",0.647350538138649
"lognorm2","missFor","X",0.811701347062569
"lognorm2","miceRf","X",0.818119994113859
"lognorm2","micePmm","X",0.817613929693382
"lognorm2","missFor","X",0.594717895627264
"lognorm2","miceRf","X",0.751340617389763
"lognorm2","micePmm","X",0.695432168935244
"lognorm2","missFor","X",0.848511635340319
"lognorm2","miceRf","X",0.901449135091162
"lognorm2","micePmm","X",0.861014572758308
"lognorm2","missFor","X",0.925780239891605
"lognorm2","miceRf","X",0.87283333341381
"lognorm2","micePmm","X",0.755500192868722
"lognorm2","missFor","X",0.70245849060799
"lognorm2","miceRf","X",0.712403574680561
"lognorm2","micePmm","X",0.715226453290793
"lognorm2","missFor","X",0.691153062832829
"lognorm2","miceRf","X",0.70487661677417
"lognorm2","micePmm","X",0.699510412787139
"lognorm2","missFor","X",0.577523253477084
"lognorm2","miceRf","X",0.645021404566262
"lognorm2","micePmm","X",0.661635357829025
"lognorm2","missFor","X",0.780886883202632
"lognorm2","miceRf","X",0.851332215674436
"lognorm2","micePmm","X",0.85747223278298
"lognorm2","missFor","X",0.884161755328403
"lognorm2","miceRf","X",0.90707463214546
"lognorm2","micePmm","X",0.894189219118444
"lognorm2","missFor","X",0.685818330409582
"lognorm2","miceRf","X",0.717700757753972
"lognorm2","micePmm","X",0.700560544249299
"lognorm2","missFor","X",0.375203181202071
"lognorm2","miceRf","X",0.540041361334681
"lognorm2","micePmm","X",0.531965870390235
"lognorm2","missFor","X",0.751708419793447
"lognorm2","miceRf","X",0.814756893918131
"lognorm2","micePmm","X",0.801025352631529
"lognorm2","missFor","X",0.610950146273446
"lognorm2","miceRf","X",0.766029619561489
"lognorm2","micePmm","X",0.756107897342742
"lognorm2","missFor","X",0.749290335860716
"lognorm2","miceRf","X",0.813709797856521
"lognorm2","micePmm","X",0.808591227324073
"lognorm2","missFor","X",0.64835084142007
"lognorm2","miceRf","X",0.68502655762848
"lognorm2","micePmm","X",0.668617759913747
"lognorm2","missFor","X",0.851621593740936
"lognorm2","miceRf","X",0.85977086911865
"lognorm2","micePmm","X",0.847044238456502
"lognorm2","missFor","X",0.545137522298321
"lognorm2","miceRf","X",0.609014573364478
"lognorm2","micePmm","X",0.638558182670965
"lognorm2","missFor","X",0.514465438893205
"lognorm2","miceRf","X",0.622328432562031
"lognorm2","micePmm","X",0.653941039535896
"lognorm2","missFor","X",0.754044158644936
"lognorm2","miceRf","X",0.846926379338192
"lognorm2","micePmm","X",0.812865459197372
"lognorm2","missFor","X",0.64510434727036
"lognorm2","miceRf","X",0.680733129363777
"lognorm2","micePmm","X",0.663775234976336
"lognorm2","missFor","X",0.801849318225448
"lognorm2","miceRf","X",0.803835581590119
"lognorm2","micePmm","X",0.835803791665032
"gamma1","missFor","X",0.473107290331552
"gamma1","miceRf","X",0.501308062255127
"gamma1","micePmm","X",0.512544278335501
"gamma1","missFor","X",0.513119562444108
"gamma1","miceRf","X",0.530813580486748
"gamma1","micePmm","X",0.561608898416215
"gamma1","missFor","X",0.470037295896474
"gamma1","miceRf","X",0.509867068882509
"gamma1","micePmm","X",0.567044775185233
"gamma1","missFor","X",0.582631008402913
"gamma1","miceRf","X",0.587128786123999
"gamma1","micePmm","X",0.578032893540448
"gamma1","missFor","X",0.539515975552141
"gamma1","miceRf","X",0.593822998984017
"gamma1","micePmm","X",0.562097001576957
"gamma1","missFor","X",0.511151417157577
"gamma1","miceRf","X",0.540522581838
"gamma1","micePmm","X",0.562327217369333
"gamma1","missFor","X",0.484365585605965
"gamma1","miceRf","X",0.488876618744963
"gamma1","micePmm","X",0.591773659668163
"gamma1","missFor","X",0.624508447214342
"gamma1","miceRf","X",0.655707677345805
"gamma1","micePmm","X",0.683836032682998
"gamma1","missFor","X",0.340490965234937
"gamma1","miceRf","X",0.44945177959679
"gamma1","micePmm","X",0.567112471888641
"gamma1","missFor","X",0.852246971850017
"gamma1","miceRf","X",0.584829332877109
"gamma1","micePmm","X",0.636068571304674
"gamma1","missFor","X",0.556548601023452
"gamma1","miceRf","X",0.574262298429939
"gamma1","micePmm","X",0.667415741328454
"gamma1","missFor","X",0.78414083558517
"gamma1","miceRf","X",0.791891684445501
"gamma1","micePmm","X",0.791039038891131
"gamma1","missFor","X",0.407185327402238
"gamma1","miceRf","X",0.610765725957496
"gamma1","micePmm","X",0.559433145263528
"gamma1","missFor","X",0.572567006530954
"gamma1","miceRf","X",0.62156180064376
"gamma1","micePmm","X",0.589496334851171
"gamma1","missFor","X",0.670692185160903
"gamma1","miceRf","X",0.642339916476302
"gamma1","micePmm","X",0.732800796458478
"gamma1","missFor","X",0.601117328174838
"gamma1","miceRf","X",0.730159129589007
"gamma1","micePmm","X",0.589632007085813
"gamma1","missFor","X",0.531983636829923
"gamma1","miceRf","X",0.586482269858072
"gamma1","micePmm","X",0.5397625120996
"gamma1","missFor","X",0.717384132697681
"gamma1","miceRf","X",0.712085364633975
"gamma1","micePmm","X",0.740698537506097
"gamma1","missFor","X",0.391251483930977
"gamma1","miceRf","X",0.611240853967015
"gamma1","micePmm","X",0.549244895305534
"gamma1","missFor","X",0.601894199809451
"gamma1","miceRf","X",0.666076019080787
"gamma1","micePmm","X",0.684592379829062
"gamma1","missFor","X",0.659788065154358
"gamma1","miceRf","X",0.671588769861814
"gamma1","micePmm","X",0.660157440203074
"gamma1","missFor","X",0.609908812119094
"gamma1","miceRf","X",0.681119579309432
"gamma1","micePmm","X",0.658544149536005
"gamma1","missFor","X",0.391020260213215
"gamma1","miceRf","X",0.549824626854741
"gamma1","micePmm","X",0.464667920767755
"gamma1","missFor","X",0.537713048827543
"gamma1","miceRf","X",0.606516002286395
"gamma1","micePmm","X",0.567883630404471
"gamma1","missFor","X",0.604070368656137
"gamma1","miceRf","X",0.710514990100709
"gamma1","micePmm","X",0.693703690689685
"gamma1","missFor","X",0.494029278017459
"gamma1","miceRf","X",0.715036187928746
"gamma1","micePmm","X",0.620235874167278
"gamma1","missFor","X",0.547446148131081
"gamma1","miceRf","X",0.615939145253608
"gamma1","micePmm","X",0.577844591256712
"gamma1","missFor","X",0.647806168623808
"gamma1","miceRf","X",0.656342498703684
"gamma1","micePmm","X",0.680795138386748
"gamma1","missFor","X",0.561643289990302
"gamma1","miceRf","X",0.626382176603352
"gamma1","micePmm","X",0.560279887422897
"gamma1","missFor","X",0.465192418062465
"gamma1","miceRf","X",0.512837382278623
"gamma1","micePmm","X",0.612656983866099
"gamma1","missFor","X",0.708645184194366
"gamma1","miceRf","X",0.705684617108375
"gamma1","micePmm","X",0.706280893767177
"gamma1","missFor","X",0.507124414788637
"gamma1","miceRf","X",0.588000856944091
"gamma1","micePmm","X",0.542545217377815
"gamma1","missFor","X",0.504913582263876
"gamma1","miceRf","X",0.618900433267312
"gamma1","micePmm","X",0.608724165765767
"gamma1","missFor","X",0.666672335856617
"gamma1","miceRf","X",0.74848764259599
"gamma1","micePmm","X",0.738282607127467
"gamma1","missFor","X",0.578079907139251
"gamma1","miceRf","X",0.583860819361031
"gamma1","micePmm","X",0.63696004396514
"gamma1","missFor","X",0.425720767110997
"gamma1","miceRf","X",0.571035317905268
"gamma1","micePmm","X",0.475164400636096
"gamma1","missFor","X",0.570771221723195
"gamma1","miceRf","X",0.576601497261375
"gamma1","micePmm","X",0.635439036959637
"gamma1","missFor","X",0.843823120806629
"gamma1","miceRf","X",0.580065801323414
"gamma1","micePmm","X",0.523478677114768
"gamma1","missFor","X",0.551069057274069
"gamma1","miceRf","X",0.527068787413203
"gamma1","micePmm","X",0.636568093190575
"gamma1","missFor","X",0.689269584746261
"gamma1","miceRf","X",0.796761880490365
"gamma1","micePmm","X",0.754085999756077
"gamma1","missFor","X",0.455074883429966
"gamma1","miceRf","X",0.586436408288981
"gamma1","micePmm","X",0.590466258984202
"gamma1","missFor","X",0.638163557972985
"gamma1","miceRf","X",0.685012946812299
"gamma1","micePmm","X",0.652859568914107
"gamma1","missFor","X",0.636991634585394
"gamma1","miceRf","X",0.696205333942251
"gamma1","micePmm","X",0.674098077663886
"gamma1","missFor","X",0.433078671451693
"gamma1","miceRf","X",0.455678540826022
"gamma1","micePmm","X",0.470726005676731
"gamma1","missFor","X",0.512059404630016
"gamma1","miceRf","X",0.535605944483296
"gamma1","micePmm","X",0.508801909560358
"gamma1","missFor","X",0.500004240492477
"gamma1","miceRf","X",0.550557936341328
"gamma1","micePmm","X",0.615310148233853
"gamma1","missFor","X",0.797803052940551
"gamma1","miceRf","X",0.457308109156486
"gamma1","micePmm","X",0.499291262520235
"gamma1","missFor","X",0.713968706540519
"gamma1","miceRf","X",0.725888048873657
"gamma1","micePmm","X",0.72605991287227
"gamma1","missFor","X",0.890520306740694
"gamma1","miceRf","X",0.65927294630772
"gamma1","micePmm","X",0.67482413603841
"gamma1","missFor","X",0.752177710600726
"gamma1","miceRf","X",0.800269247321772
"gamma1","micePmm","X",0.776965393586005
"gamma1","missFor","X",0.521238359804398
"gamma1","miceRf","X",0.556923141967324
"gamma1","micePmm","X",0.539727315199454
"gamma1","missFor","X",0.626081686071519
"gamma1","miceRf","X",0.648164534984003
"gamma1","micePmm","X",0.646479296287485
"gamma1","missFor","X",0.965474720162905
"gamma1","miceRf","X",0.808212602683033
"gamma1","micePmm","X",0.782706011464204
"gamma1","missFor","X",0.656792388474159
"gamma1","miceRf","X",0.679723951170377
"gamma1","micePmm","X",0.642458176720415
"gamma1","missFor","X",0.668405032976353
"gamma1","miceRf","X",0.694180533179582
"gamma1","micePmm","X",0.72466303345212
"gamma1","missFor","X",0.819400111061693
"gamma1","miceRf","X",0.82371157282379
"gamma1","micePmm","X",0.819931365187285
"gamma1","missFor","X",0.416644627559749
"gamma1","miceRf","X",0.523245557134188
"gamma1","micePmm","X",0.547258062380261
"gamma1","missFor","X",0.242887249057723
"gamma1","miceRf","X",0.419610233771874
"gamma1","micePmm","X",0.372998449026954
"gamma1","missFor","X",0.563380526213105
"gamma1","miceRf","X",0.642768522426924
"gamma1","micePmm","X",0.706721806085496
"gamma1","missFor","X",0.874083676608478
"gamma1","miceRf","X",0.598648489501975
"gamma1","micePmm","X",0.661619606871747
"gamma1","missFor","X",0.64326404823165
"gamma1","miceRf","X",0.670900853616568
"gamma1","micePmm","X",0.649616389119266
"gamma1","missFor","X",0.417165227887332
"gamma1","miceRf","X",0.515589877896246
"gamma1","micePmm","X",0.571739753947038
"gamma1","missFor","X",0.696449749854245
"gamma1","miceRf","X",0.701172753366001
"gamma1","micePmm","X",0.705080317115094
"gamma1","missFor","X",0.584588820911801
"gamma1","miceRf","X",0.630874417738545
"gamma1","micePmm","X",0.594790155712008
"gamma1","missFor","X",0.735276047697594
"gamma1","miceRf","X",0.799902303766792
"gamma1","micePmm","X",0.737224838860982
"gamma1","missFor","X",0.578442123568483
"gamma1","miceRf","X",0.822633064760063
"gamma1","micePmm","X",0.670604465199457
"gamma1","missFor","X",0.335901590027634
"gamma1","miceRf","X",0.464717491328399
"gamma1","micePmm","X",0.562216393827804
"gamma1","missFor","X",0.638202397358416
"gamma1","miceRf","X",0.666426243846909
"gamma1","micePmm","X",0.705595738409795
"gamma1","missFor","X",0.366732512235693
"gamma1","miceRf","X",0.503893031285375
"gamma1","micePmm","X",0.602908006599543
"gamma1","missFor","X",0.454778067502482
"gamma1","miceRf","X",0.530012155157792
"gamma1","micePmm","X",0.51283617063372
"gamma1","missFor","X",0.669092525665466
"gamma1","miceRf","X",0.720072927256792
"gamma1","micePmm","X",0.70725817331375
"gamma1","missFor","X",0.576324784063202
"gamma1","miceRf","X",0.61607816464812
"gamma1","micePmm","X",0.625576627125964
"gamma1","missFor","X",0.544686780662488
"gamma1","miceRf","X",0.561938609803454
"gamma1","micePmm","X",0.560915973066386
"gamma1","missFor","X",0.554830566148181
"gamma1","miceRf","X",0.562813151797453
"gamma1","micePmm","X",0.636181103937407
"gamma1","missFor","X",0.505745537463298
"gamma1","miceRf","X",0.543692986271473
"gamma1","micePmm","X",0.665694258007018
"gamma1","missFor","X",0.641445489507685
"gamma1","miceRf","X",0.681653759450706
"gamma1","micePmm","X",0.685523529283822
"gamma1","missFor","X",0.676412300367354
"gamma1","miceRf","X",0.713125949458685
"gamma1","micePmm","X",0.718090731422329
"gamma1","missFor","X",0.690984283193705
"gamma1","miceRf","X",0.770366751066807
"gamma1","micePmm","X",0.759284538491572
"gamma1","missFor","X",0.353230873972691
"gamma1","miceRf","X",0.455061142273298
"gamma1","micePmm","X",0.460247442397161
"gamma1","missFor","X",0.570361031063136
"gamma1","miceRf","X",0.653648080524446
"gamma1","micePmm","X",0.630772481072459
"gamma1","missFor","X",0.615181305991705
"gamma1","miceRf","X",0.648631023891684
"gamma1","micePmm","X",0.651514316082496
"gamma1","missFor","X",0.710212480240378
"gamma1","miceRf","X",0.719009026730079
"gamma1","micePmm","X",0.739612233313558
"gamma1","missFor","X",0.621326007698872
"gamma1","miceRf","X",0.66628926216091
"gamma1","micePmm","X",0.665983164617715
"gamma1","missFor","X",0.756516322355609
"gamma1","miceRf","X",0.794988019020326
"gamma1","micePmm","X",0.796016131257363
"gamma1","missFor","X",0.782666540466027
"gamma1","miceRf","X",0.790200794949836
"gamma1","micePmm","X",0.800199851878107
"gamma1","missFor","X",0.540750862300494
"gamma1","miceRf","X",0.570377267543033
"gamma1","micePmm","X",0.562426067713883
"gamma1","missFor","X",0.375676947457667
"gamma1","miceRf","X",0.510952987058678
"gamma1","micePmm","X",0.52849095996378
"gamma1","missFor","X",0.649439522743003
"gamma1","miceRf","X",0.750557899164491
"gamma1","micePmm","X",0.676448463225323
"gamma1","missFor","X",0.50137330638617
"gamma1","miceRf","X",0.60844467482841
"gamma1","micePmm","X",0.56597374417177
"gamma1","missFor","X",0.509053753358789
"gamma1","miceRf","X",0.568234416527516
"gamma1","micePmm","X",0.544068343466491
"gamma1","missFor","X",0.681384881344171
"gamma1","miceRf","X",0.738827348734174
"gamma1","micePmm","X",0.741938432219239
"gamma1","missFor","X",0.578921343176272
"gamma1","miceRf","X",0.597612048105491
"gamma1","micePmm","X",0.716468508839834
"gamma1","missFor","X",0.62716360405856
"gamma1","miceRf","X",0.651068103862531
"gamma1","micePmm","X",0.64834012302141
"gamma1","missFor","X",0.64147523012035
"gamma1","miceRf","X",0.627240640556775
"gamma1","micePmm","X",0.632287361137657
"gamma1","missFor","X",0.577137080214827
"gamma1","miceRf","X",0.684746503485344
"gamma1","micePmm","X",0.647720960276054
"gamma1","missFor","X",0.636033891679162
"gamma1","miceRf","X",0.630614083281816
"gamma1","micePmm","X",0.680839913206021
"gamma1","missFor","X",0.611316119391143
"gamma1","miceRf","X",0.651608355302587
"gamma1","micePmm","X",0.64902918429188
"gamma1","missFor","X",0.305606834266467
"gamma1","miceRf","X",0.552787366753679
"gamma1","micePmm","X",0.490529837159149
"gamma1","missFor","X",0.484422253489911
"gamma1","miceRf","X",0.593086518402735
"gamma1","micePmm","X",0.594938830332145
"gamma1","missFor","X",0.55919731534033
"gamma1","miceRf","X",0.595426820478582
"gamma1","micePmm","X",0.59053905036925
"gamma2","missFor","X",0.362364592894882
"gamma2","miceRf","X",0.582766166531869
"gamma2","micePmm","X",0.79485276912877
"gamma2","missFor","X",0.283727038750713
"gamma2","miceRf","X",0.446175164956113
"gamma2","micePmm","X",0.8732938564399
"gamma2","missFor","X",0.474115978109314
"gamma2","miceRf","X",0.566307098731596
"gamma2","micePmm","X",0.91885658605966
"gamma2","missFor","X",0.344805208438063
"gamma2","miceRf","X",0.501295955805047
"gamma2","micePmm","X",0.820841527589614
"gamma2","missFor","X",0.485690750389406
"gamma2","miceRf","X",0.676841662717489
"gamma2","micePmm","X",0.814954423118727
"gamma2","missFor","X",0.390113013812957
"gamma2","miceRf","X",0.466959714208416
"gamma2","micePmm","X",0.741670642560121
"gamma2","missFor","X",0.3191100095149
"gamma2","miceRf","X",0.421724273212984
"gamma2","micePmm","X",0.85780609814854
"gamma2","missFor","X",0.450593028801351
"gamma2","miceRf","X",0.664174296584285
"gamma2","micePmm","X",0.802780639815436
"gamma2","missFor","X",0.412706302639868
"gamma2","miceRf","X",0.499763812876746
"gamma2","micePmm","X",0.85145528018897
"gamma2","missFor","X",0.547856261902474
"gamma2","miceRf","X",0.634464935166449
"gamma2","micePmm","X",0.773483079769582
"gamma2","missFor","X",0.277856886151507
"gamma2","miceRf","X",0.466570107638764
"gamma2","micePmm","X",0.800172080765275
"gamma2","missFor","X",0.429606085729643
"gamma2","miceRf","X",0.646713879621027
"gamma2","micePmm","X",0.85608013925168
"gamma2","missFor","X",0.570538888707486
"gamma2","miceRf","X",0.643161700534054
"gamma2","micePmm","X",0.767429204632951
"gamma2","missFor","X",0.494847518181057
"gamma2","miceRf","X",0.597595678323707
"gamma2","micePmm","X",0.752761389687712
"gamma2","missFor","X",0.710143404374016
"gamma2","miceRf","X",0.794766488282085
"gamma2","micePmm","X",0.880877729770508
"gamma2","missFor","X",0.329988285263567
"gamma2","miceRf","X",0.447629664777902
"gamma2","micePmm","X",0.773594498494658
"gamma2","missFor","X",0.341529089499081
"gamma2","miceRf","X",0.484287825698104
"gamma2","micePmm","X",0.758888128459184
"gamma2","missFor","X",0.32661739053347
"gamma2","miceRf","X",0.432748101102354
"gamma2","micePmm","X",0.876289234170704
"gamma2","missFor","X",0.299959736316078
"gamma2","miceRf","X",0.681169373845537
"gamma2","micePmm","X",0.724923140863691
"gamma2","missFor","X",0.624005209812687
"gamma2","miceRf","X",0.683788558824008
"gamma2","micePmm","X",0.808110047402468
"gamma2","missFor","X",0.645432504932043
"gamma2","miceRf","X",0.680078232255309
"gamma2","micePmm","X",0.796291875819909
"gamma2","missFor","X",0.58493420920889
"gamma2","miceRf","X",0.702259918990859
"gamma2","micePmm","X",0.755820259929204
"gamma2","missFor","X",0.323904088380265
"gamma2","miceRf","X",0.550383703078162
"gamma2","micePmm","X",0.715340019990593
"gamma2","missFor","X",0.39324779689596
"gamma2","miceRf","X",0.527624138428449
"gamma2","micePmm","X",0.765775038078032
"gamma2","missFor","X",0.450822982629148
"gamma2","miceRf","X",0.504631653945693
"gamma2","micePmm","X",0.811675541737947
"gamma2","missFor","X",0.625965022705656
"gamma2","miceRf","X",0.695248346868363
"gamma2","micePmm","X",0.735003194579943
"gamma2","missFor","X",0.397406252445065
"gamma2","miceRf","X",0.569863606069988
"gamma2","micePmm","X",0.751991876082725
"gamma2","missFor","X",0.407813517944219
"gamma2","miceRf","X",0.608783574791712
"gamma2","micePmm","X",0.870619326024596
"gamma2","missFor","X",0.336316006591903
"gamma2","miceRf","X",0.477966133250674
"gamma2","micePmm","X",0.673077557323725
"gamma2","missFor","X",0.366540638584195
"gamma2","miceRf","X",0.446349695312511
"gamma2","micePmm","X",0.815380353382155
"gamma2","missFor","X",0.382086610297366
"gamma2","miceRf","X",0.461396572292214
"gamma2","micePmm","X",0.774548355007178
"gamma2","missFor","X",0.349378109938393
"gamma2","miceRf","X",0.474853292294252
"gamma2","micePmm","X",0.7679552508083
"gamma2","missFor","X",0.342901174356783
"gamma2","miceRf","X",0.524653306306287
"gamma2","micePmm","X",0.920594376945711
"gamma2","missFor","X",0.323145786653138
"gamma2","miceRf","X",0.568498294845454
"gamma2","micePmm","X",0.767128782641874
"gamma2","missFor","X",0.553996956300351
"gamma2","miceRf","X",0.644584842898962
"gamma2","micePmm","X",0.77914564156725
"gamma2","missFor","X",0.522035595119602
"gamma2","miceRf","X",0.627452468133364
"gamma2","micePmm","X",0.93079890094689
"gamma2","missFor","X",0.460824164640882
"gamma2","miceRf","X",0.55427921438309
"gamma2","micePmm","X",0.795528842828107
"gamma2","missFor","X",0.348249690380495
"gamma2","miceRf","X",0.554880800552605
"gamma2","micePmm","X",0.797581422037397
"gamma2","missFor","X",0.360856315620675
"gamma2","miceRf","X",0.653654639403453
"gamma2","micePmm","X",0.848875775893882
"gamma2","missFor","X",0.55734708824286
"gamma2","miceRf","X",0.702115306049068
"gamma2","micePmm","X",0.766043173242562
"gamma2","missFor","X",0.422924302696295
"gamma2","miceRf","X",0.538328997189635
"gamma2","micePmm","X",0.836505454007501
"gamma2","missFor","X",0.296692521989353
"gamma2","miceRf","X",0.511338773168147
"gamma2","micePmm","X",0.635790512430052
"gamma2","missFor","X",0.496338960358523
"gamma2","miceRf","X",0.678189848504856
"gamma2","micePmm","X",0.710976960300042
"gamma2","missFor","X",0.413841073765019
"gamma2","miceRf","X",0.498554810452578
"gamma2","micePmm","X",0.821399152863481
"gamma2","missFor","X",0.417936260478383
"gamma2","miceRf","X",0.650814608549374
"gamma2","micePmm","X",0.719667912739825
"gamma2","missFor","X",0.578491333058564
"gamma2","miceRf","X",0.634554571502819
"gamma2","micePmm","X",0.777635994471411
"gamma2","missFor","X",0.477597148137354
"gamma2","miceRf","X",0.606399060278286
"gamma2","micePmm","X",0.725523387206251
"gamma2","missFor","X",0.351755190324725
"gamma2","miceRf","X",0.433575976848761
"gamma2","micePmm","X",0.820252181102936
"gamma2","missFor","X",0.328256611862842
"gamma2","miceRf","X",0.496691381675068
"gamma2","micePmm","X",0.707037815575256
"gamma2","missFor","X",0.429014730922868
"gamma2","miceRf","X",0.537558203264606
"gamma2","micePmm","X",0.727718791024567
"gamma2","missFor","X",0.361585087816987
"gamma2","miceRf","X",0.513235260359766
"gamma2","micePmm","X",0.973146202620826
"gamma2","missFor","X",0.411916192279439
"gamma2","miceRf","X",0.490872892084048
"gamma2","micePmm","X",0.65671912396084
"gamma2","missFor","X",0.357444267684451
"gamma2","miceRf","X",0.429458874845246
"gamma2","micePmm","X",0.814701404964216
"gamma2","missFor","X",0.315329469511512
"gamma2","miceRf","X",0.483824506490039
"gamma2","micePmm","X",0.886732889181697
"gamma2","missFor","X",0.376767250915138
"gamma2","miceRf","X",0.506877483123949
"gamma2","micePmm","X",0.816645381534175
"gamma2","missFor","X",0.416637860391189
"gamma2","miceRf","X",0.565417095637573
"gamma2","micePmm","X",0.81812982346853
"gamma2","missFor","X",0.448031696407827
"gamma2","miceRf","X",0.689472535372184
"gamma2","micePmm","X",0.757401728612148
"gamma2","missFor","X",0.539955108305632
"gamma2","miceRf","X",0.688640307022226
"gamma2","micePmm","X",0.881523000700873
"gamma2","missFor","X",0.575178490018564
"gamma2","miceRf","X",0.671076742995841
"gamma2","micePmm","X",0.751464294206069
"gamma2","missFor","X",0.386672255322416
"gamma2","miceRf","X",0.567564236639855
"gamma2","micePmm","X",0.724200855995882
"gamma2","missFor","X",0.553779305979209
"gamma2","miceRf","X",0.627842723574728
"gamma2","micePmm","X",0.798851841919022
"gamma2","missFor","X",0.515241475862656
"gamma2","miceRf","X",0.616521099129319
"gamma2","micePmm","X",0.700145396828848
"gamma2","missFor","X",0.532166212059988
"gamma2","miceRf","X",0.59887176620841
"gamma2","micePmm","X",0.734250310599797
"gamma2","missFor","X",0.49037577913593
"gamma2","miceRf","X",0.645190511770454
"gamma2","micePmm","X",0.780836437330337
"gamma2","missFor","X",0.358732242622169
"gamma2","miceRf","X",0.582104041927314
"gamma2","micePmm","X",0.722860788055511
"gamma2","missFor","X",0.520202038436682
"gamma2","miceRf","X",0.64025971708431
"gamma2","micePmm","X",0.798507276082303
"gamma2","missFor","X",0.461228998763242
"gamma2","miceRf","X",0.627025296139258
"gamma2","micePmm","X",0.690924378580723
"gamma2","missFor","X",0.535345855039886
"gamma2","miceRf","X",0.610569169871658
"gamma2","micePmm","X",0.799373165888263
"gamma2","missFor","X",0.263616271185542
"gamma2","miceRf","X",0.37369491569219
"gamma2","micePmm","X",0.862119202466262
"gamma2","missFor","X",0.490786583950774
"gamma2","miceRf","X",0.611038075492435
"gamma2","micePmm","X",0.719544991372524
"gamma2","missFor","X",0.448836767463962
"gamma2","miceRf","X",0.602439400755539
"gamma2","micePmm","X",0.654829765339344
"gamma2","missFor","X",0.382035393343722
"gamma2","miceRf","X",0.479721810139286
"gamma2","micePmm","X",0.995795075221861
"gamma2","missFor","X",0.60944541056934
"gamma2","miceRf","X",0.692636686642127
"gamma2","micePmm","X",0.814443590104319
"gamma2","missFor","X",0.523932663153224
"gamma2","miceRf","X",0.676466768352836
"gamma2","micePmm","X",0.746980620227285
"gamma2","missFor","X",0.543844415389299
"gamma2","miceRf","X",0.677567486238407
"gamma2","micePmm","X",0.845148910009099
"gamma2","missFor","X",0.542782308819252
"gamma2","miceRf","X",0.668260727217271
"gamma2","micePmm","X",0.688023338200142
"gamma2","missFor","X",0.346545085630488
"gamma2","miceRf","X",0.523882743085725
"gamma2","micePmm","X",0.748879852233607
"gamma2","missFor","X",0.490778071944842
"gamma2","miceRf","X",0.568914191038692
"gamma2","micePmm","X",0.834137441468867
"gamma2","missFor","X",0.335988641668221
"gamma2","miceRf","X",0.462451754264347
"gamma2","micePmm","X",0.854106619657908
"gamma2","missFor","X",0.256259571436817
"gamma2","miceRf","X",0.48258141310834
"gamma2","micePmm","X",0.715375206907885
"gamma2","missFor","X",0.455450344822995
"gamma2","miceRf","X",0.665555355541639
"gamma2","micePmm","X",0.793940557911204
"gamma2","missFor","X",0.228050742851612
"gamma2","miceRf","X",0.632714987379442
"gamma2","micePmm","X",0.769660589963881
"gamma2","missFor","X",0.430379950287506
"gamma2","miceRf","X",0.488299407186592
"gamma2","micePmm","X",0.905946154346359
"gamma2","missFor","X",0.455933433254901
"gamma2","miceRf","X",0.628898321598084
"gamma2","micePmm","X",0.755334005794533
"gamma2","missFor","X",0.478162136192019
"gamma2","miceRf","X",0.631081550398164
"gamma2","micePmm","X",0.815714166836067
"gamma2","missFor","X",0.626367332110833
"gamma2","miceRf","X",0.78055759672252
"gamma2","micePmm","X",0.876605814193915
"gamma2","missFor","X",0.60046156260535
"gamma2","miceRf","X",0.680633912000358
"gamma2","micePmm","X",0.870806618570165
"gamma2","missFor","X",0.520861802818223
"gamma2","miceRf","X",0.66442740995632
"gamma2","micePmm","X",0.776631002197936
"gamma2","missFor","X",0.525438011023773
"gamma2","miceRf","X",0.561892696104997
"gamma2","micePmm","X",0.6617657892241
"gamma2","missFor","X",0.524551863613717
"gamma2","miceRf","X",0.633927735579658
"gamma2","micePmm","X",0.811227566877477
"gamma2","missFor","X",0.727984679740791
"gamma2","miceRf","X",0.863549163899197
"gamma2","micePmm","X",0.835329506681251
"gamma2","missFor","X",0.48300587846885
"gamma2","miceRf","X",0.656508821106613
"gamma2","micePmm","X",0.77858051118794
"gamma2","missFor","X",0.456184171092247
"gamma2","miceRf","X",0.635285439638419
"gamma2","micePmm","X",0.685527861413087
"gamma2","missFor","X",0.304996895921949
"gamma2","miceRf","X",0.468982972789653
"gamma2","micePmm","X",0.698880513823029
"gamma2","missFor","X",0.464522564380138
"gamma2","miceRf","X",0.523743857592272
"gamma2","micePmm","X",0.73756975243705
"gamma2","missFor","X",0.443687302298111
"gamma2","miceRf","X",0.605561641270501
"gamma2","micePmm","X",0.848712474752914
"gamma2","missFor","X",0.221471583586104
"gamma2","miceRf","X",0.388399129929086
"gamma2","micePmm","X",0.867132662714023
"gamma2","missFor","X",0.689078151039173
"gamma2","miceRf","X",0.82898261586887
"gamma2","micePmm","X",0.817824869001129
"gamma2","missFor","X",0.332673737646124
"gamma2","miceRf","X",0.518350132842281
"gamma2","micePmm","X",0.9478892177142
"gamma2","missFor","X",0.301005301563557
"gamma2","miceRf","X",0.57413776808613
"gamma2","micePmm","X",0.960874022449824
"norm_mix1","missFor","X",0.22519069376207
"norm_mix1","miceRf","X",0.333046929404217
"norm_mix1","micePmm","X",0.725546726454429
"norm_mix1","missFor","X",0.103484404108868
"norm_mix1","miceRf","X",0.188314710820098
"norm_mix1","micePmm","X",0.794221667648175
"norm_mix1","missFor","X",0.190729756916849
"norm_mix1","miceRf","X",0.391062366483739
"norm_mix1","micePmm","X",0.596605545288175
"norm_mix1","missFor","X",0.140276029477414
"norm_mix1","miceRf","X",0.235362059682807
"norm_mix1","micePmm","X",0.750204112748909
"norm_mix1","missFor","X",0.0913203301525778
"norm_mix1","miceRf","X",0.325170029648665
"norm_mix1","micePmm","X",0.935123365626365
"norm_mix1","missFor","X",0.0979108618960167
"norm_mix1","miceRf","X",0.244495428000999
"norm_mix1","micePmm","X",0.968379252806949
"norm_mix1","missFor","X",0.103494267302773
"norm_mix1","miceRf","X",0.263494936014166
"norm_mix1","micePmm","X",0.708504942127029
"norm_mix1","missFor","X",0.153212645672622
"norm_mix1","miceRf","X",0.274876295567983
"norm_mix1","micePmm","X",0.620953345444257
"norm_mix1","missFor","X",0.044018954820847
"norm_mix1","miceRf","X",0.205892501296071
"norm_mix1","micePmm","X",0.921712417764461
"norm_mix1","missFor","X",0.0514668124975378
"norm_mix1","miceRf","X",0.184700784612632
"norm_mix1","micePmm","X",1.0028436327407
"norm_mix1","missFor","X",0.164215287330838
"norm_mix1","miceRf","X",0.261898646190012
"norm_mix1","micePmm","X",0.64806648902984
"norm_mix1","missFor","X",0.060340907714932
"norm_mix1","miceRf","X",0.285240534805531
"norm_mix1","micePmm","X",0.864902593517581
"norm_mix1","missFor","X",0.103706120925741
"norm_mix1","miceRf","X",0.36359933334658
"norm_mix1","micePmm","X",0.853801727424541
"norm_mix1","missFor","X",0.0762802960219172
"norm_mix1","miceRf","X",0.296758963443997
"norm_mix1","micePmm","X",0.801120356801816
"norm_mix1","missFor","X",0.136502097851297
"norm_mix1","miceRf","X",0.297408775363475
"norm_mix1","micePmm","X",0.834177817677517
"norm_mix1","missFor","X",0.128137362270049
"norm_mix1","miceRf","X",0.389512203934008
"norm_mix1","micePmm","X",0.692930949047946
"norm_mix1","missFor","X",0.0562693394742766
"norm_mix1","miceRf","X",0.350669297391803
"norm_mix1","micePmm","X",0.958699411763465
"norm_mix1","missFor","X",0.0946802246655992
"norm_mix1","miceRf","X",0.41549622796665
"norm_mix1","micePmm","X",0.836444539384438
"norm_mix1","missFor","X",0.0601107160406883
"norm_mix1","miceRf","X",0.278216651038771
"norm_mix1","micePmm","X",0.836113554299271
"norm_mix1","missFor","X",0.129146154637714
"norm_mix1","miceRf","X",0.32898571707051
"norm_mix1","micePmm","X",0.633378517586972
"norm_mix1","missFor","X",0.0813250093416844
"norm_mix1","miceRf","X",0.370824231978352
"norm_mix1","micePmm","X",0.871698476658532
"norm_mix1","missFor","X",0.079102164819481
"norm_mix1","miceRf","X",0.212242131579548
"norm_mix1","micePmm","X",0.870599023238823
"norm_mix1","missFor","X",0.0613954221788318
"norm_mix1","miceRf","X",0.367802568435903
"norm_mix1","micePmm","X",0.833217463351063
"norm_mix1","missFor","X",0.233731442069023
"norm_mix1","miceRf","X",0.39542504720051
"norm_mix1","micePmm","X",0.651142337872862
"norm_mix1","missFor","X",0.0758986451332275
"norm_mix1","miceRf","X",0.29786156034606
"norm_mix1","micePmm","X",0.780772095735821
"norm_mix1","missFor","X",0.124501033614109
"norm_mix1","miceRf","X",0.386570913646541
"norm_mix1","micePmm","X",0.796256967990186
"norm_mix1","missFor","X",0.16791255513122
"norm_mix1","miceRf","X",0.299629209828269
"norm_mix1","micePmm","X",0.755820061876354
"norm_mix1","missFor","X",0.0758361254091488
"norm_mix1","miceRf","X",0.294169489519101
"norm_mix1","micePmm","X",0.741093063170207
"norm_mix1","missFor","X",0.141182215424038
"norm_mix1","miceRf","X",0.26769689383525
"norm_mix1","micePmm","X",0.564714432354534
"norm_mix1","missFor","X",0.105647199354027
"norm_mix1","miceRf","X",0.288048634971608
"norm_mix1","micePmm","X",0.802828447314847
"norm_mix1","missFor","X",0.0425936331410546
"norm_mix1","miceRf","X",0.244872235297705
"norm_mix1","micePmm","X",0.925682412142676
"norm_mix1","missFor","X",0.134489170049207
"norm_mix1","miceRf","X",0.257414996093805
"norm_mix1","micePmm","X",0.871849748199165
"norm_mix1","missFor","X",0.13341731078322
"norm_mix1","miceRf","X",0.393709457938644
"norm_mix1","micePmm","X",0.7902992117913
"norm_mix1","missFor","X",0.0865326285013814
"norm_mix1","miceRf","X",0.193697060151173
"norm_mix1","micePmm","X",0.894733367600551
"norm_mix1","missFor","X",0.110742824212933
"norm_mix1","miceRf","X",0.332812362389732
"norm_mix1","micePmm","X",0.780206398537842
"norm_mix1","missFor","X",0.0670593021788069
"norm_mix1","miceRf","X",0.405229215762913
"norm_mix1","micePmm","X",0.956738944519795
"norm_mix1","missFor","X",0.155245784675206
"norm_mix1","miceRf","X",0.314333687668272
"norm_mix1","micePmm","X",0.79289523272595
"norm_mix1","missFor","X",0.141521747786026
"norm_mix1","miceRf","X",0.221498439506331
"norm_mix1","micePmm","X",0.673287186543747
"norm_mix1","missFor","X",0.177416880343747
"norm_mix1","miceRf","X",0.3079437526053
"norm_mix1","micePmm","X",0.655834175767717
"norm_mix1","missFor","X",0.143220753930778
"norm_mix1","miceRf","X",0.275270548789555
"norm_mix1","micePmm","X",0.874939847040674
"norm_mix1","missFor","X",0.0908872897835253
"norm_mix1","miceRf","X",0.310806937195604
"norm_mix1","micePmm","X",0.816026043357354
"norm_mix1","missFor","X",0.142213234316815
"norm_mix1","miceRf","X",0.432658789827577
"norm_mix1","micePmm","X",0.688886067057413
"norm_mix1","missFor","X",0.155226141405656
"norm_mix1","miceRf","X",0.21585493655471
"norm_mix1","micePmm","X",0.888550579506071
"norm_mix1","missFor","X",0.0888316173801123
"norm_mix1","miceRf","X",0.20369852336582
"norm_mix1","micePmm","X",0.776526691909516
"norm_mix1","missFor","X",0.259881313389171
"norm_mix1","miceRf","X",0.392265043025546
"norm_mix1","micePmm","X",0.665334072529717
"norm_mix1","missFor","X",0.0890220342005865
"norm_mix1","miceRf","X",0.350374664445756
"norm_mix1","micePmm","X",0.874130174394148
"norm_mix1","missFor","X",0.0651014311242101
"norm_mix1","miceRf","X",0.2957088524853
"norm_mix1","micePmm","X",0.97335587781215
"norm_mix1","missFor","X",0.253064927865562
"norm_mix1","miceRf","X",0.461709367389324
"norm_mix1","micePmm","X",0.661943116927378
"norm_mix1","missFor","X",0.125429649506442
"norm_mix1","miceRf","X",0.275570532779301
"norm_mix1","micePmm","X",0.833781581676713
"norm_mix1","missFor","X",0.120019894864002
"norm_mix1","miceRf","X",0.308972279800016
"norm_mix1","micePmm","X",0.885614369907926
"norm_mix1","missFor","X",0.119462889384798
"norm_mix1","miceRf","X",0.378851105183135
"norm_mix1","micePmm","X",0.762912485382087
"norm_mix1","missFor","X",0.149471341903526
"norm_mix1","miceRf","X",0.276448478273421
"norm_mix1","micePmm","X",0.895115424666147
"norm_mix1","missFor","X",0.1346418397545
"norm_mix1","miceRf","X",0.30122646086896
"norm_mix1","micePmm","X",0.915433820023967
"norm_mix1","missFor","X",0.128114156953295
"norm_mix1","miceRf","X",0.379646783135153
"norm_mix1","micePmm","X",0.861516448450095
"norm_mix1","missFor","X",0.249136105065627
"norm_mix1","miceRf","X",0.465643250339107
"norm_mix1","micePmm","X",0.743685645639467
"norm_mix1","missFor","X",0.204391793124796
"norm_mix1","miceRf","X",0.379549640104014
"norm_mix1","micePmm","X",0.620070892110531
"norm_mix1","missFor","X",0.146443393075716
"norm_mix1","miceRf","X",0.188952969228671
"norm_mix1","micePmm","X",0.821977791538336
"norm_mix1","missFor","X",0.12221623228908
"norm_mix1","miceRf","X",0.29655672391272
"norm_mix1","micePmm","X",0.62748365270856
"norm_mix1","missFor","X",0.192459718577213
"norm_mix1","miceRf","X",0.340022610705133
"norm_mix1","micePmm","X",0.731798685631444
"norm_mix1","missFor","X",0.0685770116042422
"norm_mix1","miceRf","X",0.423874971932031
"norm_mix1","micePmm","X",0.78016667219057
"norm_mix1","missFor","X",0.197248799564068
"norm_mix1","miceRf","X",0.353507186109477
"norm_mix1","micePmm","X",0.876029502350853
"norm_mix1","missFor","X",0.111709543950696
"norm_mix1","miceRf","X",0.25573041491345
"norm_mix1","micePmm","X",0.788961917775179
"norm_mix1","missFor","X",0.149216607037608
"norm_mix1","miceRf","X",0.261785513801963
"norm_mix1","micePmm","X",0.84041198330161
"norm_mix1","missFor","X",0.0772442668661597
"norm_mix1","miceRf","X",0.31022772923599
"norm_mix1","micePmm","X",0.821155295190675
"norm_mix1","missFor","X",0.11862684960746
"norm_mix1","miceRf","X",0.373689060607594
"norm_mix1","micePmm","X",0.793971492251611
"norm_mix1","missFor","X",0.155964463127802
"norm_mix1","miceRf","X",0.491319423059978
"norm_mix1","micePmm","X",0.708567089057132
"norm_mix1","missFor","X",0.0727663914190884
"norm_mix1","miceRf","X",0.304555488527552
"norm_mix1","micePmm","X",0.908739518524914
"norm_mix1","missFor","X",0.0921129170779501
"norm_mix1","miceRf","X",0.300838650433615
"norm_mix1","micePmm","X",0.847794663458391
"norm_mix1","missFor","X",0.112412033024147
"norm_mix1","miceRf","X",0.293082774033258
"norm_mix1","micePmm","X",0.680938775068849
"norm_mix1","missFor","X",0.286668485638771
"norm_mix1","miceRf","X",0.429607024986574
"norm_mix1","micePmm","X",0.695845868240765
"norm_mix1","missFor","X",0.203794022546913
"norm_mix1","miceRf","X",0.352439876062951
"norm_mix1","micePmm","X",0.634065674425296
"norm_mix1","missFor","X",0.173449709703761
"norm_mix1","miceRf","X",0.567571121608719
"norm_mix1","micePmm","X",0.659668685780004
"norm_mix1","missFor","X",0.0838414133996074
"norm_mix1","miceRf","X",0.345097027643667
"norm_mix1","micePmm","X",0.881175609492749
"norm_mix1","missFor","X",0.226288502224134
"norm_mix1","miceRf","X",0.380606505492728
"norm_mix1","micePmm","X",0.664249120294954
"norm_mix1","missFor","X",0.168152625632409
"norm_mix1","miceRf","X",0.316728113477072
"norm_mix1","micePmm","X",0.64379489970433
"norm_mix1","missFor","X",0.137446430249102
"norm_mix1","miceRf","X",0.278547839354847
"norm_mix1","micePmm","X",0.846663088583239
"norm_mix1","missFor","X",0.129522510822174
"norm_mix1","miceRf","X",0.371478508508102
"norm_mix1","micePmm","X",0.867825847653869
"norm_mix1","missFor","X",0.204901150890014
"norm_mix1","miceRf","X",0.342887564493572
"norm_mix1","micePmm","X",0.772489059491531
"norm_mix1","missFor","X",0.172014125009652
"norm_mix1","miceRf","X",0.385140304402778
"norm_mix1","micePmm","X",0.709913631864205
"norm_mix1","missFor","X",0.0939181377511483
"norm_mix1","miceRf","X",0.327562271882358
"norm_mix1","micePmm","X",0.893034541090128
"norm_mix1","missFor","X",0.130288688525685
"norm_mix1","miceRf","X",0.28520324059732
"norm_mix1","micePmm","X",0.657563990398984
"norm_mix1","missFor","X",0.213211598834639
"norm_mix1","miceRf","X",0.267806089902027
"norm_mix1","micePmm","X",0.57207410436444
"norm_mix1","missFor","X",0.0511131515683504
"norm_mix1","miceRf","X",0.255763662355398
"norm_mix1","micePmm","X",0.784073479773291
"norm_mix1","missFor","X",0.0559768094908611
"norm_mix1","miceRf","X",0.320964917455321
"norm_mix1","micePmm","X",0.901863759248207
"norm_mix1","missFor","X",0.109062814664659
"norm_mix1","miceRf","X",0.311937622440859
"norm_mix1","micePmm","X",0.65322664624658
"norm_mix1","missFor","X",0.199949175606832
"norm_mix1","miceRf","X",0.323949520138385
"norm_mix1","micePmm","X",0.613709971535013
"norm_mix1","missFor","X",0.171833638163147
"norm_mix1","miceRf","X",0.305106775187618
"norm_mix1","micePmm","X",0.843223840177054
"norm_mix1","missFor","X",0.129962411291384
"norm_mix1","miceRf","X",0.21989159611669
"norm_mix1","micePmm","X",0.852308963133204
"norm_mix1","missFor","X",0.12628147570526
"norm_mix1","miceRf","X",0.29836238130897
"norm_mix1","micePmm","X",0.965190953278701
"norm_mix1","missFor","X",0.234219375769299
"norm_mix1","miceRf","X",0.311913789114306
"norm_mix1","micePmm","X",0.771260284498957
"norm_mix1","missFor","X",0.0837655897286401
"norm_mix1","miceRf","X",0.239145339607629
"norm_mix1","micePmm","X",0.900632006287974
"norm_mix1","missFor","X",0.124861533173893
"norm_mix1","miceRf","X",0.302888938136568
"norm_mix1","micePmm","X",0.87478441382709
"norm_mix1","missFor","X",0.0687097776696589
"norm_mix1","miceRf","X",0.310316654604516
"norm_mix1","micePmm","X",0.835139624966072
"norm_mix1","missFor","X",0.133219256057208
"norm_mix1","miceRf","X",0.210380216264582
"norm_mix1","micePmm","X",0.921363465103453
"norm_mix1","missFor","X",0.253051601588846
"norm_mix1","miceRf","X",0.363093662119745
"norm_mix1","micePmm","X",0.655069953595731
"norm_mix1","missFor","X",0.233719283711548
"norm_mix1","miceRf","X",0.405620475503738
"norm_mix1","micePmm","X",0.678933126149629
"norm_mix1","missFor","X",0.205252294154105
"norm_mix1","miceRf","X",0.285160378001587
"norm_mix1","micePmm","X",0.668283498123047
"norm_mix1","missFor","X",0.0982643026696807
"norm_mix1","miceRf","X",0.305864560416176
"norm_mix1","micePmm","X",0.777320290179718
"norm_mix1","missFor","X",0.142960866763697
"norm_mix1","miceRf","X",0.474850351478457
"norm_mix1","micePmm","X",0.773046659063603
"norm_mix1","missFor","X",0.144029359800768
"norm_mix1","miceRf","X",0.392568926539585
"norm_mix1","micePmm","X",0.65972344258353
"norm_mix2","missFor","X",0.205091544222211
"norm_mix2","miceRf","X",0.450115810227906
"norm_mix2","micePmm","X",0.736418121548617
"norm_mix2","missFor","X",0.290843428403632
"norm_mix2","miceRf","X",0.516064764567247
"norm_mix2","micePmm","X",0.752351549951666
"norm_mix2","missFor","X",0.233411835617765
"norm_mix2","miceRf","X",0.484060546697125
"norm_mix2","micePmm","X",0.784372228894239
"norm_mix2","missFor","X",0.328411232799679
"norm_mix2","miceRf","X",0.501065850372594
"norm_mix2","micePmm","X",0.641680286795742
"norm_mix2","missFor","X",0.192328145000333
"norm_mix2","miceRf","X",0.530578271415941
"norm_mix2","micePmm","X",0.737016429434367
"norm_mix2","missFor","X",0.147568297503387
"norm_mix2","miceRf","X",0.501175811123651
"norm_mix2","micePmm","X",0.758621789754654
"norm_mix2","missFor","X",0.25643921067232
"norm_mix2","miceRf","X",0.501627264604827
"norm_mix2","micePmm","X",0.726952573513038
"norm_mix2","missFor","X",0.12779409114705
"norm_mix2","miceRf","X",0.474073275923239
"norm_mix2","micePmm","X",0.750643346278866
"norm_mix2","missFor","X",0.432934321267821
"norm_mix2","miceRf","X",0.510286158136728
"norm_mix2","micePmm","X",0.690237439730508
"norm_mix2","missFor","X",0.299721832925748
"norm_mix2","miceRf","X",0.473965421755583
"norm_mix2","micePmm","X",0.746592247859025
"norm_mix2","missFor","X",0.271937134140244
"norm_mix2","miceRf","X",0.58819394836377
"norm_mix2","micePmm","X",0.649494737421789
"norm_mix2","missFor","X",0.227506546706655
"norm_mix2","miceRf","X",0.396079175368986
"norm_mix2","micePmm","X",0.669630338292057
"norm_mix2","missFor","X",0.169609562363278
"norm_mix2","miceRf","X",0.354158761553663
"norm_mix2","micePmm","X",0.731420251651374
"norm_mix2","missFor","X",0.155501769296493
"norm_mix2","miceRf","X",0.342763580782308
"norm_mix2","micePmm","X",0.675500200994761
"norm_mix2","missFor","X",0.229834498103166
"norm_mix2","miceRf","X",0.541090227029456
"norm_mix2","micePmm","X",0.782238593639813
"norm_mix2","missFor","X",0.183678147743553
"norm_mix2","miceRf","X",0.409343229042665
"norm_mix2","micePmm","X",0.88924822238062
"norm_mix2","missFor","X",0.283457892817478
"norm_mix2","miceRf","X",0.407058095544696
"norm_mix2","micePmm","X",0.719805134507429
"norm_mix2","missFor","X",0.255854136027534
"norm_mix2","miceRf","X",0.615902678141154
"norm_mix2","micePmm","X",0.702524625557356
"norm_mix2","missFor","X",0.298462976454775
"norm_mix2","miceRf","X",0.492382414634116
"norm_mix2","micePmm","X",0.837869987745301
"norm_mix2","missFor","X",0.266583790207251
"norm_mix2","miceRf","X",0.473594713902697
"norm_mix2","micePmm","X",0.660477734363362
"norm_mix2","missFor","X",0.246441795313315
"norm_mix2","miceRf","X",0.484739365320247
"norm_mix2","micePmm","X",0.729223453998774
"norm_mix2","missFor","X",0.347239019184478
"norm_mix2","miceRf","X",0.553638899214065
"norm_mix2","micePmm","X",0.735965783611494
"norm_mix2","missFor","X",0.205201180279304
"norm_mix2","miceRf","X",0.33248741115396
"norm_mix2","micePmm","X",0.717709015077683
"norm_mix2","missFor","X",0.198125348726143
"norm_mix2","miceRf","X",0.381747106576499
"norm_mix2","micePmm","X",0.692828214721465
"norm_mix2","missFor","X",0.105077994024223
"norm_mix2","miceRf","X",0.499365988529282
"norm_mix2","micePmm","X",0.802407448475023
"norm_mix2","missFor","X",0.160036552062003
"norm_mix2","miceRf","X",0.425118769206951
"norm_mix2","micePmm","X",0.835834052953342
"norm_mix2","missFor","X",0.236472044893037
"norm_mix2","miceRf","X",0.450474095892091
"norm_mix2","micePmm","X",0.801849343230229
"norm_mix2","missFor","X",0.328167346149754
"norm_mix2","miceRf","X",0.441901225109636
"norm_mix2","micePmm","X",0.709529616637677
"norm_mix2","missFor","X",0.189788541304471
"norm_mix2","miceRf","X",0.486490515530847
"norm_mix2","micePmm","X",0.943978964938709
"norm_mix2","missFor","X",0.182457925094655
"norm_mix2","miceRf","X",0.491378558982164
"norm_mix2","micePmm","X",0.70747038054362
"norm_mix2","missFor","X",0.260230321027367
"norm_mix2","miceRf","X",0.395786218221157
"norm_mix2","micePmm","X",0.758044383085362
"norm_mix2","missFor","X",0.144263096052068
"norm_mix2","miceRf","X",0.465545430264485
"norm_mix2","micePmm","X",0.728594018618041
"norm_mix2","missFor","X",0.193410602704265
"norm_mix2","miceRf","X",0.453019653902668
"norm_mix2","micePmm","X",0.759335902892503
"norm_mix2","missFor","X",0.120503647121904
"norm_mix2","miceRf","X",0.332229560676295
"norm_mix2","micePmm","X",0.712006477917617
"norm_mix2","missFor","X",0.1979785502048
"norm_mix2","miceRf","X",0.537411732550266
"norm_mix2","micePmm","X",0.723875375026013
"norm_mix2","missFor","X",0.258384062709048
"norm_mix2","miceRf","X",0.505066909256381
"norm_mix2","micePmm","X",0.658181158777635
"norm_mix2","missFor","X",0.294901829039685
"norm_mix2","miceRf","X",0.418797101812008
"norm_mix2","micePmm","X",0.683079660015841
"norm_mix2","missFor","X",0.134380262846081
"norm_mix2","miceRf","X",0.353526408612368
"norm_mix2","micePmm","X",0.895241369539828
"norm_mix2","missFor","X",0.262311758547268
"norm_mix2","miceRf","X",0.44429804983227
"norm_mix2","micePmm","X",0.662526924211768
"norm_mix2","missFor","X",0.185320032736547
"norm_mix2","miceRf","X",0.563330441932793
"norm_mix2","micePmm","X",0.694134343914216
"norm_mix2","missFor","X",0.156388283469401
"norm_mix2","miceRf","X",0.408390933060979
"norm_mix2","micePmm","X",0.947834053275653
"norm_mix2","missFor","X",0.259597730482837
"norm_mix2","miceRf","X",0.386254862562013
"norm_mix2","micePmm","X",0.686457691075007
"norm_mix2","missFor","X",0.183223219051853
"norm_mix2","miceRf","X",0.301042803952543
"norm_mix2","micePmm","X",0.658655124315712
"norm_mix2","missFor","X",0.433939344133846
"norm_mix2","miceRf","X",0.597530229153108
"norm_mix2","micePmm","X",0.713093747903002
"norm_mix2","missFor","X",0.375423175468106
"norm_mix2","miceRf","X",0.496327813676981
"norm_mix2","micePmm","X",0.670391478500708
"norm_mix2","missFor","X",0.160154854198782
"norm_mix2","miceRf","X",0.366672084932648
"norm_mix2","micePmm","X",0.719141163645958
"norm_mix2","missFor","X",0.0707075261002571
"norm_mix2","miceRf","X",0.282177955703327
"norm_mix2","micePmm","X",0.973880127542405
"norm_mix2","missFor","X",0.187877830718079
"norm_mix2","miceRf","X",0.413763286628238
"norm_mix2","micePmm","X",0.718909400208633
"norm_mix2","missFor","X",0.126570223782604
"norm_mix2","miceRf","X",0.262799952449803
"norm_mix2","micePmm","X",0.941816651773494
"norm_mix2","missFor","X",0.149547831895588
"norm_mix2","miceRf","X",0.329528306563628
"norm_mix2","micePmm","X",0.782881339223713
"norm_mix2","missFor","X",0.119020937563023
"norm_mix2","miceRf","X",0.402363864629101
"norm_mix2","micePmm","X",0.858899131004626
"norm_mix2","missFor","X",0.362950203324909
"norm_mix2","miceRf","X",0.549061089078584
"norm_mix2","micePmm","X",0.670187116922945
"norm_mix2","missFor","X",0.149244901042551
"norm_mix2","miceRf","X",0.327553087208363
"norm_mix2","micePmm","X",0.809501105904588
"norm_mix2","missFor","X",0.192780888895245
"norm_mix2","miceRf","X",0.3520436799254
"norm_mix2","micePmm","X",0.754200388916251
"norm_mix2","missFor","X",0.268546850296212
"norm_mix2","miceRf","X",0.340469920842879
"norm_mix2","micePmm","X",0.770589263705152
"norm_mix2","missFor","X",0.316924169181996
"norm_mix2","miceRf","X",0.503561596165225
"norm_mix2","micePmm","X",0.615483101473206
"norm_mix2","missFor","X",0.300723016670486
"norm_mix2","miceRf","X",0.582064473383235
"norm_mix2","micePmm","X",0.715496659114596
"norm_mix2","missFor","X",0.208660950234364
"norm_mix2","miceRf","X",0.420981668996803
"norm_mix2","micePmm","X",0.686586365783483
"norm_mix2","missFor","X",0.2106868905936
"norm_mix2","miceRf","X",0.444266029512558
"norm_mix2","micePmm","X",0.9209276946678
"norm_mix2","missFor","X",0.215486392944825
"norm_mix2","miceRf","X",0.303545902382049
"norm_mix2","micePmm","X",0.795842755910224
"norm_mix2","missFor","X",0.219160944077566
"norm_mix2","miceRf","X",0.429684115716943
"norm_mix2","micePmm","X",0.811620457463194
"norm_mix2","missFor","X",0.262598229227864
"norm_mix2","miceRf","X",0.493210479031166
"norm_mix2","micePmm","X",0.682316781063987
"norm_mix2","missFor","X",0.175658727411087
"norm_mix2","miceRf","X",0.406223296124375
"norm_mix2","micePmm","X",0.701327721563945
"norm_mix2","missFor","X",0.283301001940164
"norm_mix2","miceRf","X",0.434566621207081
"norm_mix2","micePmm","X",0.78353131418771
"norm_mix2","missFor","X",0.136001607328826
"norm_mix2","miceRf","X",0.312746094126102
"norm_mix2","micePmm","X",0.883498688949162
"norm_mix2","missFor","X",0.150779036748124
"norm_mix2","miceRf","X",0.376337694735957
"norm_mix2","micePmm","X",0.624667691247719
"norm_mix2","missFor","X",0.176495140106958
"norm_mix2","miceRf","X",0.362305430987437
"norm_mix2","micePmm","X",0.745901010809662
"norm_mix2","missFor","X",0.275634230186599
"norm_mix2","miceRf","X",0.425212849088409
"norm_mix2","micePmm","X",0.624394464276665
"norm_mix2","missFor","X",0.199519089996409
"norm_mix2","miceRf","X",0.358675525024338
"norm_mix2","micePmm","X",0.757726560397182
"norm_mix2","missFor","X",0.19455111630155
"norm_mix2","miceRf","X",0.356689086923184
"norm_mix2","micePmm","X",0.667184219707069
"norm_mix2","missFor","X",0.234519922251514
"norm_mix2","miceRf","X",0.379875465339042
"norm_mix2","micePmm","X",0.764155489219129
"norm_mix2","missFor","X",0.194837680609732
"norm_mix2","miceRf","X",0.463990065433338
"norm_mix2","micePmm","X",0.682277401769887
"norm_mix2","missFor","X",0.184625225419862
"norm_mix2","miceRf","X",0.378977792672563
"norm_mix2","micePmm","X",0.816889859841326
"norm_mix2","missFor","X",0.350101799361739
"norm_mix2","miceRf","X",0.462454644127658
"norm_mix2","micePmm","X",0.679634657330067
"norm_mix2","missFor","X",0.133890032581592
"norm_mix2","miceRf","X",0.451408083219928
"norm_mix2","micePmm","X",0.834663553076782
"norm_mix2","missFor","X",0.226136009156571
"norm_mix2","miceRf","X",0.642211233720926
"norm_mix2","micePmm","X",0.836536944144949
"norm_mix2","missFor","X",0.0935959049166627
"norm_mix2","miceRf","X",0.314530668685881
"norm_mix2","micePmm","X",0.899117290523296
"norm_mix2","missFor","X",0.212114215124257
"norm_mix2","miceRf","X",0.43103638041937
"norm_mix2","micePmm","X",0.67207224541662
"norm_mix2","missFor","X",0.308101314894782
"norm_mix2","miceRf","X",0.441699027574178
"norm_mix2","micePmm","X",0.819042344231182
"norm_mix2","missFor","X",0.301585855159123
"norm_mix2","miceRf","X",0.461618817420943
"norm_mix2","micePmm","X",0.667430762856975
"norm_mix2","missFor","X",0.239003175158028
"norm_mix2","miceRf","X",0.463713609799259
"norm_mix2","micePmm","X",0.93548956423855
"norm_mix2","missFor","X",0.200207296817237
"norm_mix2","miceRf","X",0.287420742752996
"norm_mix2","micePmm","X",0.739947635628499
"norm_mix2","missFor","X",0.195749668639674
"norm_mix2","miceRf","X",0.362994077135578
"norm_mix2","micePmm","X",0.768883473233619
"norm_mix2","missFor","X",0.234972501523181
"norm_mix2","miceRf","X",0.427107265741718
"norm_mix2","micePmm","X",0.562126393017576
"norm_mix2","missFor","X",0.350047656061349
"norm_mix2","miceRf","X",0.436361514816217
"norm_mix2","micePmm","X",0.747960953244377
"norm_mix2","missFor","X",0.202081602690729
"norm_mix2","miceRf","X",0.310226314728353
"norm_mix2","micePmm","X",0.778983122759038
"norm_mix2","missFor","X",0.30987534919997
"norm_mix2","miceRf","X",0.453111594905653
"norm_mix2","micePmm","X",0.614006442189434
"norm_mix2","missFor","X",0.273412045151856
"norm_mix2","miceRf","X",0.39368298445018
"norm_mix2","micePmm","X",0.736666908657905
"norm_mix2","missFor","X",0.293098714288539
"norm_mix2","miceRf","X",0.396024136399967
"norm_mix2","micePmm","X",0.742060618088415
"norm_mix2","missFor","X",0.248418518523847
"norm_mix2","miceRf","X",0.397992130507151
"norm_mix2","micePmm","X",0.765485052887019
"norm_mix2","missFor","X",0.128579351172839
"norm_mix2","miceRf","X",0.404137309114885
"norm_mix2","micePmm","X",0.658043748543546
"norm_mix2","missFor","X",0.0552973682479795
"norm_mix2","miceRf","X",0.206546201183298
"norm_mix2","micePmm","X",0.991610675304168
"norm_mix2","missFor","X",0.382019750993096
"norm_mix2","miceRf","X",0.471968603680318
"norm_mix2","micePmm","X",0.654449607211386
"norm_mix2","missFor","X",0.285756379133764
"norm_mix2","miceRf","X",0.408557857916432
"norm_mix2","micePmm","X",0.789645755626057
"norm_mix2","missFor","X",0.146687496811861
"norm_mix2","miceRf","X",0.465739046467425
"norm_mix2","micePmm","X",0.843663556456377
"norm_mix2","missFor","X",0.179435948981843
"norm_mix2","miceRf","X",0.358466829128684
"norm_mix2","micePmm","X",0.899366820121711
"norm_mix2","missFor","X",0.30890499614833
"norm_mix2","miceRf","X",0.446313363424745
"norm_mix2","micePmm","X",0.770436624291433
"norm_mix2","missFor","X",0.185516702067666
"norm_mix2","miceRf","X",0.313204700361743
"norm_mix2","micePmm","X",0.692590256938003
"norm_mix2","missFor","X",0.18471375047266
"norm_mix2","miceRf","X",0.476439788388678
"norm_mix2","micePmm","X",0.798521881310265
"norm_mix2","missFor","X",0.319520049790481
"norm_mix2","miceRf","X",0.527235266865185
"norm_mix2","micePmm","X",0.87675127408345
